Job Name,Task Name,Release Time,Completion Time,Met Deadline,Slack
Task-1_1,Task-1,1,5.0052579999999995,True,16.994742000000002
Task-2_1,Task-2,7,14,True,33
Task-1_2,Task-1,14,18.000639,True,16.999361
Task-3_1,Task-3,11,27,True,50
Task-1_3,Task-1,27,31.000455,True,16.999545
Task-2_2,Task-2,30,38.001123,True,31.998877
Task-1_4,Task-1,40,44.000517,True,16.999482999999998
Task-3_2,Task-3,40.000517,53,True,53
Task-1_5,Task-1,53,57.000437,True,16.999563000000002
Task-2_3,Task-2,53.000437,64.000833,True,28.999167
Task-1_6,Task-1,66,70.000483,True,16.999516999999997
Task-3_3,Task-3,69,79,True,56
Task-1_7,Task-1,79,83.000596,True,16.999404
Task-2_4,Task-2,76,90.001031,True,25.998969000000002
Task-1_8,Task-1,92,96.000495,True,16.999505
Task-3_4,Task-3,98,107.00043,True,56.999570000000006
Task-1_9,Task-1,105,111.00095999999999,True,14.999040000000008
Task-2_5,Task-2,99,118,True,21
Task-1_10,Task-1,118,122,True,17
Task-2_6,Task-2,122,129.000406,True,32.999594
Task-3_5,Task-3,127,138.000795,True,54.99920499999999
Task-1_11,Task-1,131,142.001167,True,9.99883299999999
Task-1_12,Task-1,144,148.000514,True,16.99948599999999
Task-2_7,Task-2,145,155.00276300000002,True,29.997236999999984
Task-3_6,Task-3,156,165.000387,True,56.99961300000001
Task-1_13,Task-1,157,169.000834,True,8.999166000000002
Task-2_8,Task-2,168,176.001338,True,31.998661999999996
Task-1_14,Task-1,170,180.00182900000001,True,10.998170999999985
Task-1_15,Task-1,183,187.00038,True,16.999619999999993
Task-3_7,Task-3,185,196,True,55
Task-1_16,Task-1,196,200.000632,True,16.999368000000004
Task-2_9,Task-2,191,207.001035,True,23.998965
Task-1_17,Task-1,209,213.000367,True,16.99963299999999
Task-2_10,Task-2,214,221.000461,True,32.999539
Task-3_8,Task-3,214.000461,230.000844,True,49.999156
Task-1_18,Task-1,222,234.00126,True,8.998739999999998
Task-1_19,Task-1,235,239.000343,True,16.999657000000013
Task-2_11,Task-2,237,246.000823,True,30.999177000000003
Task-3_9,Task-3,243,255.001194,True,53.998806
Task-1_20,Task-1,248,259.001746,True,9.998253999999974
Task-2_12,Task-2,260,267.00037,True,32.999630000000025
Task-1_21,Task-1,261,271.000901,True,10.999099000000001
Task-3_10,Task-3,272,281.0004,True,56.99959999999999
Task-1_22,Task-1,274,285.000957,True,9.999042999999972
Task-2_13,Task-2,283,292.00146700000005,True,30.998532999999952
Task-1_23,Task-1,287,296.0019750000001,True,11.998024999999927
Task-1_24,Task-1,300,304.000401,True,16.99959899999999
Task-3_11,Task-3,301,313,True,54
Task-1_25,Task-1,313,317.000545,True,16.99945500000001
Task-2_14,Task-2,306,324.001024,True,21.998976000000027
Task-1_26,Task-1,326,330,True,17
Task-2_15,Task-2,329,337.000449,True,31.999550999999997
Task-3_12,Task-3,330,346.00094,True,49.999059999999986
Task-1_27,Task-1,339,350.001397,True,9.998603000000003
Task-1_28,Task-1,352,356.00043,True,16.999570000000006
Task-2_16,Task-2,352.00043,363.00212799999997,True,28.99787200000003
Task-3_13,Task-3,359,372.00257899999997,True,52.99742100000003
Task-1_29,Task-1,365,376.00299499999994,True,9.997005000000058
Task-2_17,Task-2,375,383.00357499999996,True,31.996425000000045
Task-1_30,Task-1,378,387.00402799999995,True,11.995972000000052
Task-3_14,Task-3,388,397.000415,True,56.999585000000025
Task-1_31,Task-1,391,401.00080399999996,True,10.99919600000004
Task-2_18,Task-2,398,408.001222,True,29.998778000000016
Task-1_32,Task-1,404,412.001736,True,12.998264000000006
Task-1_33,Task-1,417,421,True,17
Task-2_19,Task-2,421,428.000469,True,32.99953099999999
Task-3_15,Task-3,417.000384,437.000823,True,45.999176999999975
Task-1_34,Task-1,430,441.00126500000005,True,9.998734999999954
Task-1_35,Task-1,443,447.000372,True,16.999627999999973
Task-2_20,Task-2,444,454.00084200000003,True,29.999157999999966
Task-3_16,Task-3,446,463.001346,True,48.99865399999999
Task-1_36,Task-1,456,467,True,10
Task-2_21,Task-2,467,474.000367,True,32.99963300000002
Task-1_37,Task-1,469,478.000731,True,11.999269000000027
Task-3_17,Task-3,475,487.00111599999997,True,53.99888400000003
Task-1_38,Task-1,482,491.00148699999994,True,11.99851300000006
Task-2_22,Task-2,490,498.00188399999996,True,31.99811600000004
Task-1_39,Task-1,495,502.00224399999996,True,13.997756000000038
Task-3_18,Task-3,504,513,True,57
Task-1_40,Task-1,508,517.000509,True,11.999491000000035
Task-2_23,Task-2,513,524.000914,True,28.999086000000034
Task-1_41,Task-1,521,528.0012869999999,True,13.998713000000066
Task-3_19,Task-3,533,542.000365,True,56.99963500000001
Task-1_42,Task-1,534,546.000853,True,8.999146999999994
Task-2_24,Task-2,536,553.001344,True,22.998655999999983
Task-1_43,Task-1,547,557.001756,True,10.998244
Task-2_25,Task-2,559,566.000446,True,32.99955399999999
Task-1_44,Task-1,560,570.001016,True,10.99898399999995
Task-3_20,Task-3,562,579.001394,True,48.998605999999995
Task-1_45,Task-1,573,583.00183,True,10.99816999999996
Task-2_26,Task-2,582,590.002237,True,31.997762999999964
Task-1_46,Task-1,586,594.0026220000001,True,12.997377999999912
Task-3_21,Task-3,591,603.0031120000001,True,53.9968879999999
Task-1_47,Task-1,599,607.0036120000001,True,12.99638799999991
Task-2_27,Task-2,605,614.0040000000001,True,30.995999999999867
Task-1_48,Task-1,612,618.0043780000001,True,14.995621999999912
Task-3_22,Task-3,620,629.000513,True,56.999487000000045
Task-1_49,Task-1,625,633.000994,True,12.999006000000008
Task-2_28,Task-2,628,640.001384,True,27.99861599999997
Task-1_50,Task-1,638,644.001755,True,14.998244999999997
Task-3_23,Task-3,649,658.000532,True,56.99946799999998
Task-1_51,Task-1,651,662.00099,True,9.999009999999998
Task-2_29,Task-2,651,669.001433,True,21.99856699999998
Task-1_52,Task-1,664,673.001856,True,11.998144000000025
Task-2_30,Task-2,674,681.00053,True,32.999469999999974
Task-1_53,Task-1,677,685.001025,True,12.998974999999973
Task-3_24,Task-3,678,694.001392,True,49.99860799999999
Task-1_54,Task-1,690,698.001766,True,12.998234000000025
Task-2_31,Task-2,697,705.002252,True,31.997748
Task-1_55,Task-1,703,709.002651,True,14.997348999999986
Task-3_25,Task-3,707,718.00314,True,54.99685999999997
Task-1_56,Task-1,716,722.003505,True,14.996494999999982
Task-2_32,Task-2,720,729,True,31
Task-1_57,Task-1,729,733.000426,True,16.999574000000052
Task-3_26,Task-3,736,745.000391,True,56.999608999999964
Task-1_58,Task-1,742,749.000818,True,13.999182000000019
Task-2_33,Task-2,743,756.001227,True,26.99877300000003
Task-1_59,Task-1,755,760.001658,True,15.99834199999998
Task-3_27,Task-3,765,774.000484,True,56.99951599999997
Task-1_60,Task-1,768,778.000934,True,10.99906599999997
Task-2_34,Task-2,766,785.001345,True,20.998654999999985
Task-1_61,Task-1,781,789,True,13
Task-2_35,Task-2,789,796.000385,True,32.99961499999995
Task-1_62,Task-1,794,800.000857,True,14.999143000000004
Task-3_28,Task-3,794,809.001251,True,50.998748999999975
Task-1_63,Task-1,807,813.0017770000001,True,14.998222999999939
Task-2_36,Task-2,812,820,True,32
Task-1_64,Task-1,820,824.000514,True,16.999486000000047
Task-3_29,Task-3,823,833,True,56
Task-1_65,Task-1,833,837.000443,True,16.99955699999998
Task-2_37,Task-2,835,844.000975,True,30.99902499999996
Task-1_66,Task-1,846,850.000432,True,16.999567999999954
Task-3_30,Task-3,852,861.00045,True,56.99955
Task-1_67,Task-1,859,865.001552,True,14.998448000000053
Task-2_38,Task-2,858,872,True,26
Task-1_68,Task-1,872,876.000663,True,16.99933699999997
Task-2_39,Task-2,881,888.000534,True,32.999465999999984
Task-1_69,Task-1,885,892.001043,True,13.998957000000019
Task-3_31,Task-3,881.000534,901.00139,True,45.998609999999985
Task-1_70,Task-1,898,905.001847,True,13.998153000000002
Task-2_40,Task-2,904,912.002276,True,31.99772399999995
Task-1_71,Task-1,911,916.0027510000001,True,15.997248999999897
Task-3_32,Task-3,910,925.0031250000001,True,50.99687499999993
Task-1_72,Task-1,924,929.004121,True,15.995878999999945
Task-2_41,Task-2,927,936.0047330000001,True,30.9952669999999
Task-1_73,Task-1,937,941.000464,True,16.999536000000035
Task-3_33,Task-3,939,950,True,55
Task-1_74,Task-1,950,954.000409,True,16.99959100000001
Task-2_42,Task-2,950.000409,961.000812,True,28.999188000000004
Task-1_75,Task-1,963,967.000396,True,16.999603999999977
Task-3_34,Task-3,968,977.00054,True,56.99946
Task-1_76,Task-1,976,981.001115,True,15.998884999999973
Task-2_43,Task-2,973,988.001557,True,24.998442999999952
Task-1_77,Task-1,989,993.000404,True,16.999595999999997
Task-2_44,Task-2,996,1003.000537,True,32.99946299999999
Task-1_78,Task-1,1002,1007.001137,True,15.998863000000028
Task-3_35,Task-3,997,1016.00153,True,46.99847
Task-1_79,Task-1,1015,1020.001943,True,15.998057000000017
Task-2_45,Task-2,1019,1027.002441,True,31.99755899999991
Task-3_36,Task-3,1026,1036.002845,True,55.99715500000002
Task-1_80,Task-1,1028,1040.003261,True,8.996738999999934
Task-1_81,Task-1,1041,1045.000361,True,16.99963899999989
Task-2_46,Task-2,1042,1052.000735,True,29.999264999999923
Task-1_82,Task-1,1054,1058.000406,True,16.999593999999888
Task-3_37,Task-3,1055,1067,True,54
Task-1_83,Task-1,1067,1071.000639,True,16.999360999999908
Task-2_47,Task-2,1065,1078.00122,True,26.998779999999897
Task-1_84,Task-1,1080,1084,True,17
Task-3_38,Task-3,1084,1093,True,57
Task-1_85,Task-1,1093,1097.000533,True,16.999467000000095
Task-2_48,Task-2,1088,1104.001049,True,23.998951000000034
Task-1_86,Task-1,1106,1110.000376,True,16.99962400000004
Task-2_49,Task-2,1111,1118.000399,True,32.999600999999984
Task-3_39,Task-3,1113,1127.000904,True,51.99909600000001
Task-1_87,Task-1,1119,1131.00163,True,8.998370000000023
Task-1_88,Task-1,1132,1136.000767,True,16.999233000000004
Task-2_50,Task-2,1134,1143.001438,True,30.998561999999993
Task-3_40,Task-3,1142,1152.002182,True,55.99781800000005
Task-1_89,Task-1,1145,1156.002822,True,9.997178000000076
Task-2_51,Task-2,1157,1164.000425,True,32.99957500000005
Task-1_90,Task-1,1158,1168.001103,True,10.998896999999943
Task-1_91,Task-1,1171,1175.000522,True,16.999477999999954
Task-3_41,Task-3,1171.000522,1184,True,53
Task-1_92,Task-1,1184,1188.000592,True,16.999407999999903
Task-2_52,Task-2,1180,1195.001087,True,24.998912999999902
Task-1_93,Task-1,1197,1201.000442,True,16.99955799999998
Task-3_42,Task-3,1200,1210,True,56
Task-1_94,Task-1,1210,1214.000941,True,16.99905899999999
Task-2_53,Task-2,1203,1221.001571,True,21.998428999999987
Task-1_95,Task-1,1223,1227.000502,True,16.999497999999903
Task-2_54,Task-2,1226,1234.0009260000002,True,31.999073999999837
Task-3_43,Task-3,1229,1243.0013390000001,True,51.998660999999856
Task-1_96,Task-1,1236,1247.00176,True,9.998239999999896
Task-1_97,Task-1,1249,1253.000394,True,16.999606000000085
Task-2_55,Task-2,1249.000394,1260.000806,True,28.99919399999999
Task-3_44,Task-3,1258,1269.001335,True,54.998665000000074
Task-1_98,Task-1,1262,1273.0018109999999,True,9.998189000000139
Task-2_56,Task-2,1272,1280.0022359999998,True,31.99776400000019
Task-1_99,Task-1,1275,1284.0027509999998,True,11.997249000000238
Task-3_45,Task-3,1287,1296.000375,True,56.999624999999924
Task-1_100,Task-1,1288,1300.000946,True,8.999053999999887
Task-2_57,Task-2,1295,1307.0013430000001,True,27.998656999999866
Task-1_101,Task-1,1301,1311.0017420000001,True,10.99825799999985
Task-1_102,Task-1,1314,1318,True,17
Task-2_58,Task-2,1318,1325.000476,True,32.999524000000065
Task-3_46,Task-3,1316,1334.000887,True,47.99911300000008
Task-1_103,Task-1,1327,1338.0012909999998,True,9.99870900000019
Task-1_104,Task-1,1340,1344.000364,True,16.99963600000001
Task-2_59,Task-2,1341,1351.000754,True,29.999246000000085
Task-3_47,Task-3,1345,1360.001249,True,50.998751000000084
Task-1_105,Task-1,1353,1364,True,10
Task-2_60,Task-2,1364,1371.000359,True,32.99964100000011
Task-1_106,Task-1,1366,1375.0008529999998,True,11.999147000000221
Task-3_48,Task-3,1374,1384.0013209999997,True,55.998679000000266
Task-1_107,Task-1,1379,1388.0017249999996,True,11.998275000000376
Task-2_61,Task-2,1387,1395.0021049999996,True,31.997895000000426
Task-1_108,Task-1,1392,1399.0024879999996,True,13.99751200000037
Task-3_49,Task-3,1403,1412.000383,True,56.999616999999944
Task-1_109,Task-1,1405,1416.000948,True,9.999051999999892
Task-2_62,Task-2,1410,1423.001348,True,26.998651999999993
Task-1_110,Task-1,1418,1427.0018460000001,True,11.998153999999886
Task-1_111,Task-1,1431,1435.000426,True,16.99957399999994
Task-2_63,Task-2,1433,1442.000878,True,30.999121999999943
Task-3_50,Task-3,1432,1451.001232,True,46.99876799999993
Task-1_112,Task-1,1444,1455.001583,True,9.998417000000018
Task-2_64,Task-2,1456,1463.000461,True,32.99953899999991
Task-1_113,Task-1,1457,1467.001027,True,10.998972999999978
Task-3_51,Task-3,1461,1476.001468,True,50.99853200000007
Task-1_114,Task-1,1470,1480.0020459999998,True,10.997954000000163
Task-2_65,Task-2,1479,1487.002511,True,31.997489000000087
Task-1_115,Task-1,1483,1491.002935,True,12.99706500000002
Task-3_52,Task-3,1490,1500.003471,True,55.99652900000001
Task-1_116,Task-1,1496,1504.003872,True,12.996127999999999
Task-2_66,Task-2,1502,1511.004314,True,30.995685999999978
Task-1_117,Task-1,1509,1515.004718,True,14.995282000000088
Task-3_53,Task-3,1519,1528.00051,True,56.99948999999992
Task-1_118,Task-1,1522,1532.0010260000001,True,10.998973999999862
Task-2_67,Task-2,1525,1539.001451,True,25.99854899999991
Task-1_119,Task-1,1535,1543.0020080000002,True,12.99799199999984
Task-1_120,Task-1,1548,1552.00052,True,16.99947999999995
Task-2_68,Task-2,1548.00052,1559.0011160000001,True,28.99888399999986
Task-3_54,Task-3,1548.00052,1568.0015220000003,True,45.99847799999975
Task-1_121,Task-1,1561,1572.0019330000002,True,9.998066999999764
Task-2_69,Task-2,1571,1579.0024440000002,True,31.997555999999804
Task-1_122,Task-1,1574,1583.0029950000003,True,11.997004999999717
Task-3_55,Task-3,1577,1592.0034350000003,True,50.99656499999969
Task-1_123,Task-1,1587,1596.0040030000002,True,11.995996999999761
Task-2_70,Task-2,1594,1603.0044220000002,True,30.995577999999796
Task-1_124,Task-1,1600,1607.0048060000001,True,13.995193999999856
Task-3_56,Task-3,1606,1616.0052570000003,True,55.994742999999744
Task-1_125,Task-1,1613,1620.0056690000004,True,13.994330999999647
Task-2_71,Task-2,1617,1627.0061870000004,True,29.99381299999959
Task-1_126,Task-1,1626,1631.0066200000003,True,15.99337999999966
Task-3_57,Task-3,1635,1644.000461,True,56.99953899999991
Task-1_127,Task-1,1639,1648.00106,True,11.998939999999948
Task-2_72,Task-2,1640,1655.0014840000001,True,24.99851599999988
Task-1_128,Task-1,1652,1659.0019020000002,True,13.9980979999998
Task-2_73,Task-2,1663,1670.000431,True,32.999569000000065
Task-1_129,Task-1,1665,1674.000944,True,11.99905600000011
Task-3_58,Task-3,1664,1683.001374,True,46.99862600000006
Task-1_130,Task-1,1678,1687.001826,True,11.998174000000063
Task-2_74,Task-2,1686,1694.002342,True,31.997658
Task-1_131,Task-1,1691,1698.002804,True,13.99719600000003
Task-3_59,Task-3,1693,1707.0031999999999,True,51.99680000000012
Task-1_132,Task-1,1704,1711.0036469999998,True,13.996353000000227
Task-2_75,Task-2,1709,1718.0040739999997,True,30.99592600000028
Task-1_133,Task-1,1717,1722,True,16
Task-3_60,Task-3,1722,1731.000519,True,56.99948100000006
Task-1_134,Task-1,1730,1735.0010089999998,True,15.99899100000016
Task-2_76,Task-2,1732,1742.0014069999997,True,29.998593000000255
Task-1_135,Task-1,1743,1747.00053,True,16.999469999999974
Task-3_61,Task-3,1751,1760.000443,True,56.999557000000095
Task-1_136,Task-1,1756,1764.001002,True,12.998998000000029
Task-2_77,Task-2,1755,1771.001384,True,23.998616000000084
Task-1_137,Task-1,1769,1775.001771,True,14.998229000000038
Task-2_78,Task-2,1778,1785.000406,True,32.99959399999989
Task-1_138,Task-1,1782,1789.0009300000002,True,13.999069999999847
Task-3_62,Task-3,1780,1798.0013360000003,True,47.998663999999735
Task-1_139,Task-1,1795,1802.0044990000004,True,13.99550099999965
Task-2_79,Task-2,1801,1809,True,32
Task-1_140,Task-1,1808,1813.000623,True,15.999377000000095
Task-3_63,Task-3,1809,1822.001088,True,52.99891200000002
Task-1_141,Task-1,1821,1826.001508,True,15.998491999999942
Task-2_80,Task-2,1824,1833.002002,True,30.997998000000052
Task-1_142,Task-1,1834,1838,True,17
Task-3_64,Task-3,1838,1847,True,57
Task-1_143,Task-1,1847,1851.000394,True,16.999606000000085
Task-2_81,Task-2,1847.000394,1858.000838,True,28.99916200000007
Task-1_144,Task-1,1860,1864.000531,True,16.99946900000009
Task-3_65,Task-3,1867,1876.000419,True,56.999581000000035
Task-1_145,Task-1,1873,1880.0010359999999,True,13.998964000000115
Task-2_82,Task-2,1870,1887.001452,True,22.998548000000028
Task-1_146,Task-1,1886,1891.0019849999999,True,15.998015000000123
Task-2_83,Task-2,1893,1900.000396,True,32.99960400000009
Task-1_147,Task-1,1899,1904.0009759999998,True,15.99902400000019
Task-3_66,Task-3,1896,1913.0013549999999,True,48.998645000000124
Task-1_148,Task-1,1912,1917.0017579999999,True,15.998242000000118
Task-2_84,Task-2,1916,1924.0022709999998,True,31.997729000000163
Task-1_149,Task-1,1925,1929.000646,True,16.99935400000004
Task-3_67,Task-3,1925.000646,1938,True,53
Task-1_150,Task-1,1938,1942.000422,True,16.99957799999993
Task-2_85,Task-2,1939,1949.000912,True,29.99908800000003
Task-1_151,Task-1,1951,1955.000502,True,16.999497999999903
Task-3_68,Task-3,1954,1964,True,56
Task-1_152,Task-1,1964,1968.00059,True,16.999409999999898
Task-2_86,Task-2,1962,1975.000964,True,26.999035999999933
Task-1_153,Task-1,1977,1981.000395,True,16.999604999999974
Task-3_69,Task-3,1983,1992.000452,True,56.999548000000004
Task-1_154,Task-1,1990,1996.000917,True,14.999082999999928
Task-2_87,Task-2,1985,2004.1717055437855,True,20.828294456214508
Task-1_155,Task-1,2003,2009.8366671601034,True,14.163332839896611
Task-2_88,Task-2,2008,2019.7335743497806,True,28.26642565021939
Task-1_156,Task-1,2016,2025.4020673497805,True,11.59793265021949
Task-3_70,Task-3,2012,2038.2008182751474,True,39.79918172485259
Task-1_157,Task-1,2029,2043.8639459267185,True,6.136054073281457
Task-1_158,Task-1,2042,2049.5326549267184,True,13.467345073281649
Task-2_89,Task-2,2031,2059.410780176697,True,11.58921982330321
Task-1_159,Task-1,2055,2065.079317176697,True,10.920682823303196
Task-2_90,Task-2,2054,2074.942637787926,True,19.057362212074167
Task-1_160,Task-1,2068,2080.5587937196515,True,8.441206280348524
Task-3_71,Task-3,2041,2093.3159368411225,True,13.684063158877507
Task-1_161,Task-1,2081,2098.895041915412,True,3.1049580845879063
Task-1_162,Task-1,2094,2104.4854566646964,True,10.514543335303642
Task-2_91,Task-2,2077,2114.4255257390128,True,2.5744742609872446
Task-1_163,Task-1,2107,2120,True,8
Task-3_72,Task-3,2070,2132.726617855,True,3.2733821450001415
Task-2_92,Task-2,2100,2142.6484174713746,False,-2.6484174713746143
Task-1_164,Task-1,2120,2148.2994531336476,False,-7.299453133647603
Task-1_165,Task-1,2133,2153.968243133648,True,0.03175686635222519
Task-2_93,Task-2,2123,2163.8347009100394,False,-0.8347009100393734
Task-3_73,Task-3,2099,2176.566322828468,False,-11.566322828467946
Task-1_166,Task-1,2146,2182.235106828468,False,-15.235106828467906
Task-1_167,Task-1,2159,2187.8975159380993,False,-7.897515938099332
Task-2_94,Task-2,2146,2197.8504304700004,False,-11.850430470000447
Task-1_168,Task-1,2172,2203.5203293698933,False,-10.520329369893261
Task-3_74,Task-3,2128,2216.254076666603,False,-22.25407666660294
Task-1_169,Task-1,2185,2221.922789666603,False,-15.922789666602966
Task-2_95,Task-2,2169,2231.8592320321036,False,-22.85923203210359
Task-1_170,Task-1,2198,2237.5225053892145,False,-18.52250538921453
Task-3_75,Task-3,2157,2250.2662430724504,False,-27.26624307245038
Task-2_96,Task-2,2192,2260.1860710724504,False,-28.18607107245043
Task-1_171,Task-1,2211,2265.8227282534945,False,-33.82272825349446
Task-1_172,Task-1,2224,2271.491587253495,False,-26.4915872534948
Task-3_76,Task-3,2186,2284.2445758774466,False,-32.24457587744655
Task-2_97,Task-2,2215,2294.1036728887557,False,-39.10367288875568
Task-1_173,Task-1,2237,2299.772469888756,False,-41.77246988875595
Task-1_174,Task-1,2250,2305.3933429517597,False,-34.39334295175968
Task-2_98,Task-2,2238,2315.2759133662316,False,-37.275913366231634
Task-3_77,Task-3,2215,2328,False,-47
Task-1_175,Task-1,2263,2333.641845537,False,-49.64184553699988
Task-1_176,Task-1,2276,2339.311454537,False,-42.31145453699992
Task-2_99,Task-2,2261,2349.2450155381503,False,-48.245015538150255
Task-3_78,Task-3,2244,2362.0463779836205,False,-52.04637798362046
Task-1_177,Task-1,2289,2367.6931267050945,False,-57.69312670509453
Task-1_178,Task-1,2302,2373.3619847050945,False,-50.36198470509453
Task-2_100,Task-2,2284,2383.271991464057,False,-59.27199146405701
Task-1_179,Task-1,2315,2388.940936464057,False,-52.940936464056904
Task-3_79,Task-3,2273,2401.7232842815274,False,-62.72328428152741
Task-2_101,Task-2,2307,2411.677888813747,False,-64.6778888137469
Task-1_180,Task-1,2328,2417.346758813747,False,-68.34675881374687
Task-1_181,Task-1,2341,2422.9664496005093,False,-60.96644960050935
Task-3_80,Task-3,2302,2435.7212379722955,False,-67.72123797229551
Task-2_102,Task-2,2330,2445.657221084789,False,-75.65722108478894
Task-1_182,Task-1,2354,2451.2544997114996,False,-76.25449971149965
Task-1_183,Task-1,2367,2456.9233807114997,False,-68.9233807114997
Task-2_103,Task-2,2353,2466.8521696040366,False,-73.85216960403659
Task-3_81,Task-3,2331,2479.6102099187274,False,-82.61020991872738
Task-1_184,Task-1,2380,2485.206213766042,False,-84.20621376604186
Task-1_185,Task-1,2393,2490.875145766042,False,-76.8751457660419
Task-2_104,Task-2,2376,2500.771402260359,False,-84.77140226035908
Task-3_82,Task-3,2360,2513.5314763703295,False,-87.53147637032953
Task-1_186,Task-1,2406,2519.1050761563306,False,-92.1050761563306
Task-2_105,Task-2,2399,2529.0566417369646,False,-90.0566417369646
Task-1_187,Task-1,2419,2534.702448520638,False,-94.70244852063797
Task-1_188,Task-1,2432,2540.3254427615807,False,-87.32544276158069
Task-3_83,Task-3,2389,2553.070695944018,False,-98.0706959440181
Task-2_106,Task-2,2422,2562.9752633290564,False,-100.97526332905636
Task-1_189,Task-1,2445,2568.644493288291,False,-102.64449328829096
Task-1_190,Task-1,2458,2574.3135322882913,False,-95.3135322882913
Task-3_84,Task-3,2418,2587.0590136455075,False,-103.05901364550755
Task-2_107,Task-2,2445,2596.9234574950788,False,-111.92345749507876
Task-1_191,Task-1,2471,2602.5945827667115,False,-110.59458276671148
Task-1_192,Task-1,2484,2608.2475973860105,False,-103.24759738601051
Task-2_108,Task-2,2468,2618.1339796375883,False,-110.13397963758825
Task-3_85,Task-3,2447,2630.9384538933737,False,-117.93845389337366
Task-1_193,Task-1,2497,2636.607654893374,False,-118.60765489337382
Task-2_109,Task-2,2491,2646.5552467924376,False,-115.55524679243763
Task-1_194,Task-1,2510,2652.1896002547064,False,-121.18960025470642
Task-3_86,Task-3,2476,2664.9503686592434,False,-122.9503686592434
Task-1_195,Task-1,2523,2670.5399161984437,False,-126.53991619844373
Task-2_110,Task-2,2514,2680.402399360584,False,-126.40239936058379
Task-1_196,Task-1,2536,2686.071644360584,False,-129.07164436058383
Task-1_197,Task-1,2549,2691.741012360584,False,-121.74101236058414
Task-3_87,Task-3,2505,2704.5459629301636,False,-133.54596293016357
Task-2_111,Task-2,2537,2714.4947290261293,False,-137.49472902612933
Task-1_198,Task-1,2562,2720.1507082444236,False,-137.15070824442364
Task-1_199,Task-1,2575,2725.7349137518245,False,-129.73491375182448
Task-3_88,Task-3,2534,2738.550269816525,False,-138.5502698165251
Task-2_112,Task-2,2560,2748.4288214354788,False,-148.42882143547877
Task-1_200,Task-1,2588,2754.098315435479,False,-145.09831543547898
Task-1_201,Task-1,2601,2759.737847978721,False,-137.73784797872122
Task-2_113,Task-2,2583,2769.6652299032958,False,-146.66522990329577
Task-3_89,Task-3,2563,2782.422249857179,False,-153.42224985717894
Task-1_202,Task-1,2614,2787.999216176035,False,-152.99921617603513
Task-2_114,Task-2,2606,2797.9465615922823,False,-151.94656159228225
Task-1_203,Task-1,2627,2803.615858592282,False,-155.61585859228217
Task-3_90,Task-3,2592,2816.3804077402906,False,-158.3804077402906
Task-1_204,Task-1,2640,2822,False,-161
Task-2_115,Task-2,2629,2831.936608498,False,-162.93660849800017
Task-1_205,Task-1,2653,2837.607695890554,False,-163.60769589055417
Task-3_91,Task-3,2621,2850.399726195509,False,-163.39972619550917
Task-1_206,Task-1,2666,2856.0314680092306,False,-169.0314680092306
Task-2_116,Task-2,2652,2865.8969270579814,False,-173.89692705798143
Task-1_207,Task-1,2679,2871.5664640579816,False,-171.56646405798165
Task-1_208,Task-1,2692,2877.193557999416,False,-164.19355799941604
Task-2_117,Task-2,2675,2887.136520999591,False,-172.13652099959108
Task-3_92,Task-3,2650,2899.8910299995914,False,-183.8910299995914
Task-1_209,Task-1,2705,2905.552212309628,False,-179.55221230962798
Task-2_118,Task-2,2698,2915.484684237268,False,-177.48468423726808
Task-1_210,Task-1,2718,2921.154477237268,False,-182.1544772372681
Task-3_93,Task-3,2679,2933.9643612509462,False,-188.96436125094624
Task-1_211,Task-1,2731,2939.622567368361,False,-187.62256736836116
Task-2_119,Task-2,2721,2949.5462502967775,False,-188.54625029677754
Task-1_212,Task-1,2744,2955.1740894747645,False,-190.17408947476451
Task-3_94,Task-3,2708,2967.950998400946,False,-193.950998400946
Task-1_213,Task-1,2757,2973.5408072151204,False,-195.54080721512037
Task-2_120,Task-2,2744,2983.497502805778,False,-199.4975028057779
Task-1_214,Task-1,2770,2989.167264805778,False,-198.1672648057779
Task-3_95,Task-3,2737,3001.917124478022,False,-198.91712447802183
Task-1_215,Task-1,2783,3007.5349432421153,False,-203.53494324211533
Task-2_121,Task-2,2767,3017.488578310325,False,-210.488578310325
Task-1_216,Task-1,2796,3023.1180320389462,False,-206.11803203894624
Task-2_122,Task-2,2790,3033.0354321368945,False,-203.03543213689454
Task-1_217,Task-1,2809,3038.7051141368947,False,-208.70511413689474
Task-3_96,Task-3,2766,3051.4945175255857,False,-219.4945175255857
Task-1_218,Task-1,2822,3057.101472408283,False,-214.10147240828292
Task-2_123,Task-2,2813,3067.0039205615376,False,-214.0039205615376
Task-1_219,Task-1,2835,3072.619422102376,False,-216.61942210237612
Task-3_97,Task-3,2795,3085.4352092831623,False,-224.4352092831623
Task-1_220,Task-1,2848,3091.093034892517,False,-222.09303489251715
Task-2_124,Task-2,2836,3101.045291163588,False,-225.045291163588
Task-1_221,Task-1,2861,3106.714908163588,False,-224.714908163588
Task-3_98,Task-3,2824,3119.5285917346628,False,-229.52859173466277
Task-1_222,Task-1,2874,3125.130091590827,False,-230.13009159082685
Task-2_125,Task-2,2859,3135,False,-236
Task-1_223,Task-1,2887,3140.669769,False,-232.6697690000001
Task-3_99,Task-3,2853,3153.4757539067004,False,-234.47575390670045
Task-1_224,Task-1,2900,3159.0844612150972,False,-238.08446121509724
Task-2_126,Task-2,2882,3169.012583147255,False,-247.0125831472551
Task-1_225,Task-1,2913,3174.685220297279,False,-240.6852202972791
Task-2_127,Task-2,2905,3184.5874026392526,False,-239.58740263925256
Task-1_226,Task-1,2926,3190.1874167659926,False,-243.18741676599257
Task-3_100,Task-3,2882,3202.9911701853107,False,-254.9911701853107
Task-1_227,Task-1,2939,3208.5803954563075,False,-248.58039545630754
Task-2_128,Task-2,2928,3218.5299915930113,False,-250.52999159301135
Task-1_228,Task-1,2952,3224.2012435930114,False,-251.20124359301144
Task-3_101,Task-3,2911,3237.004324118308,False,-260.004324118308
Task-1_229,Task-1,2965,3242.5932282881136,False,-256.59322828811355
Task-2_129,Task-2,2951,3252.5524830793347,False,-261.5524830793347
Task-1_230,Task-1,2978,3258.2227650793347,False,-259.22276507933475
Task-3_102,Task-3,2940,3271.0244532273923,False,-265.0244532273923
Task-1_231,Task-1,2991,3276.6399491582524,False,-264.6399491582524
Task-2_130,Task-2,2974,3286.5640279120707,False,-272.56402791207074
Task-1_232,Task-1,3004,3292.219164521445,False,-267.2191645214448
Task-3_103,Task-3,2969,3305.0230201293657,False,-270.0230201293657
Task-2_131,Task-2,2997,3314.9445361293656,False,-277.9445361293656
Task-1_233,Task-1,3017,3320.6169400048725,False,-282.6169400048725
Task-1_234,Task-1,3030,3326.286993004873,False,-275.2869930048728
Task-2_132,Task-2,3020,3336.2298033765333,False,-276.22980337653325
Task-3_104,Task-3,2998,3349.006011725367,False,-285.006011725367
Task-1_235,Task-1,3043,3354.6760137253673,False,-290.6760137253673
Task-1_236,Task-1,3056,3360.349346893092,False,-283.34934689309193
Task-2_133,Task-2,3043,3370.2901266439785,False,-287.2901266439785
Task-1_237,Task-1,3069,3375.91716475602,False,-285.91716475602016
Task-3_105,Task-3,3027,3388.7082626579786,False,-295.7082626579786
Task-1_238,Task-1,3082,3394.297904860585,False,-291.2979048605848
Task-2_134,Task-2,3066,3404.2111304024093,False,-298.21113040240925
Task-1_239,Task-1,3095,3409.850220689544,False,-293.85022068954413
Task-3_106,Task-3,3056,3422.638910805926,False,-300.6389108059261
Task-2_135,Task-2,3089,3432.564108805926,False,-303.564108805926
Task-1_240,Task-1,3108,3438.167930657166,False,-309.1679306571659
Task-1_241,Task-1,3121,3443.8391766571663,False,-301.83917665716626
Task-3_107,Task-3,3085,3456.6139950831434,False,-305.61399508314344
Task-2_136,Task-2,3112,3466.4934765718986,False,-314.49347657189855
Task-1_242,Task-1,3134,3472.149295500329,False,-317.1492955003291
Task-1_243,Task-1,3147,3477.8224165003294,False,-309.8224165003294
Task-2_137,Task-2,3135,3487.749502913821,False,-312.74950291382083
Task-3_108,Task-3,3114,3500.5407255941477,False,-320.5407255941477
Task-1_244,Task-1,3160,3506.1699691091058,False,-325.16996910910575
Task-1_245,Task-1,3173,3511.806894109286,False,-317.8068941092861
Task-2_138,Task-2,3158,3521.7604723583354,False,-323.7604723583354
Task-1_246,Task-1,3186,3527.345159336085,False,-320.3451593360851
Task-3_109,Task-3,3143,3540.119969446011,False,-331.11996944601105
Task-1_247,Task-1,3199,3545.7918534460114,False,-325.7918534460114
Task-2_139,Task-2,3181,3555.748641203899,False,-334.74864120389884
Task-1_248,Task-1,3212,3561.426798203899,False,-328.4267982038991
Task-3_110,Task-3,3172,3574.226983972394,False,-336.226983972394
Task-2_140,Task-2,3204,3584.1807203093176,False,-340.1807203093176
Task-1_249,Task-1,3225,3589.820976541479,False,-343.820976541479
Task-1_250,Task-1,3238,3595.4896393827457,False,-336.48963938274574
Task-3_111,Task-3,3201,3608.2283072982987,False,-341.22830729829866
Task-2_141,Task-2,3227,3618.1629021088092,False,-351.16290210880925
Task-1_251,Task-1,3251,3623.8359071088094,False,-351.83590710880935
Task-1_252,Task-1,3264,3629.4131497590165,False,-344.4131497590165
Task-2_142,Task-2,3250,3639.329418949523,False,-349.3294189495232
Task-3_112,Task-3,3230,3652.098820222732,False,-356.0988202227318
Task-1_253,Task-1,3277,3657.712849232718,False,-359.7128492327179
Task-1_254,Task-1,3290,3663.383607232718,False,-352.3836072327181
Task-2_143,Task-2,3273,3673.3341000483333,False,-360.3341000483333
Task-1_255,Task-1,3303,3679.0046050483334,False,-355.00460504833336
Task-3_113,Task-3,3259,3691.7327108280288,False,-366.73271082802876
Task-2_144,Task-2,3296,3701.673052562222,False,-365.673052562222
Task-1_256,Task-1,3316,3707.264667291622,False,-370.2646672916221
Task-1_257,Task-1,3329,3712.903377517748,False,-362.90337751774814
Task-3_114,Task-3,3288,3725.688522935769,False,-371.688522935769
Task-2_145,Task-2,3319,3735.618799274503,False,-376.6187992745031
Task-1_258,Task-1,3342,3741.289163274503,False,-378.28916327450315
Task-1_259,Task-1,3355,3746.9516628490915,False,-370.95166284909146
Task-2_146,Task-2,3342,3756.8691799926733,False,-374.86917999267325
Task-3_115,Task-3,3317,3769.6361463821327,False,-386.63614638213267
Task-1_260,Task-1,3368,3775.236321441815,False,-386.2363214418151
Task-1_261,Task-1,3381,3780.903926658886,False,-378.9039266588861
Task-2_147,Task-2,3365,3790.8541060298494,False,-385.8541060298494
Task-3_116,Task-3,3346,3803.670488129044,False,-391.67048812904386
Task-1_262,Task-1,3394,3809.344525129044,False,-394.3445251290441
Task-2_148,Task-2,3388,3819.2728070349986,False,-391.27280703499855
Task-1_263,Task-1,3407,3824.9385952260536,False,-396.9385952260536
Task-3_117,Task-3,3375,3837.75479487795,False,-396.7547948779502
Task-1_264,Task-1,3420,3843.3553801502453,False,-402.3553801502453
Task-2_149,Task-2,3411,3853.243213253189,False,-402.24321325318897
Task-1_265,Task-1,3433,3858.920485253189,False,-404.9204852531889
Task-1_266,Task-1,3446,3864.604547774353,False,-397.6045477743528
Task-3_118,Task-3,3404,3877.462081760445,False,-407.462081760445
Task-2_150,Task-2,3434,3887.388077760445,False,-413.38807776044496
Task-1_267,Task-1,3459,3892.970431822913,False,-412.9704318229128
Task-1_268,Task-1,3472,3898.6442965746946,False,-405.64429657469464
Task-2_151,Task-2,3457,3908.58757334464,False,-411.5875733446401
Task-3_119,Task-3,3433,3921.3303055603346,False,-422.33030556033464
Task-1_269,Task-1,3485,3926.9554856899044,False,-420.95548568990444
Task-1_270,Task-1,3498,3932.6291360585165,False,-413.62913605851645
Task-2_152,Task-2,3480,3942.563729539937,False,-422.56372953993696
Task-3_120,Task-3,3462,3955.298477477956,False,-427.2984774779561
Task-1_271,Task-1,3511,3960.994418477956,False,-428.99441847795606
Task-2_153,Task-2,3503,3970.8654315040512,False,-427.86543150405123
Task-1_272,Task-1,3524,3976.5379675040513,False,-431.53796750405127
Task-3_121,Task-3,3491,3989.307628227442,False,-432.3076282274419
Task-1_273,Task-1,3537,3994.961381877301,False,-436.96138187730094
Task-2_154,Task-2,3526,4003.477059519985,False,-437.4770595199848
Task-1_274,Task-1,3550,4007.483038519985,False,-436.4830385199848
Task-1_275,Task-1,3563,4011.4886165199846,False,-427.4886165199846
Task-3_122,Task-3,3520,4020.4941395199844,False,-434.4941395199844
Task-2_155,Task-2,3549,4027.4996675199845,False,-438.49966751998454
Task-1_276,Task-1,3576,4031.5062605199846,False,-434.5062605199846
Task-1_277,Task-1,3589,4035.511760519985,False,-425.5117605199848
Task-2_156,Task-2,3572,4042.517209519985,False,-430.51720951998504
Task-3_123,Task-3,3549,4051.523338519985,False,-436.5233385199849
Task-1_278,Task-1,3602,4055.528660519985,False,-432.5286605199849
Task-2_157,Task-2,3595,4062.534063519985,False,-427.534063519985
Task-1_279,Task-1,3615,4066.539309519985,False,-430.5393095199852
Task-3_124,Task-3,3578,4075.544596519985,False,-431.54459651998513
Task-1_280,Task-1,3628,4079.552645519985,False,-430.55264551998516
Task-2_158,Task-2,3618,4086.558750519985,False,-428.5587505199851
Task-1_281,Task-1,3641,4090.564295519985,False,-428.5642955199851
Task-3_125,Task-3,3607,4099.569710519985,False,-426.56971051998516
Task-1_282,Task-1,3654,4103.5751115199855,False,-428.5751115199855
Task-2_159,Task-2,3641,4110.581363519986,False,-429.58136351998564
Task-1_283,Task-1,3667,4114.589408519985,False,-426.5894085199852
Task-1_284,Task-1,3680,4118.595243519985,False,-417.59524351998516
Task-3_126,Task-3,3636,4127.600868519985,False,-425.60086851998494
Task-2_160,Task-2,3664,4134.606614519985,False,-430.60661451998476
Task-1_285,Task-1,3693,4138.612962519985,False,-424.61296251998465
Task-2_161,Task-2,3687,4145.619783519985,False,-418.6197835199846
Task-1_286,Task-1,3706,4149.625534519984,False,-422.6255345199843
Task-3_127,Task-3,3665,4158.6322945199845,False,-427.6322945199845
Task-1_287,Task-1,3719,4162.638925519985,False,-422.6389255199847
Task-2_162,Task-2,3710,4169.645129519985,False,-419.64512951998495
Task-1_288,Task-1,3732,4173.651220519985,False,-420.65122051998515
Task-3_128,Task-3,3694,4182.658027519985,False,-422.6580275199849
Task-1_289,Task-1,3745,4186.6645305199845,False,-420.6645305199845
Task-2_163,Task-2,3733,4193.670687519984,False,-420.6706875199843
Task-1_290,Task-1,3758,4197.678561519984,False,-418.6785615199842
Task-3_129,Task-3,3723,4206.684712519984,False,-417.6847125199838
Task-1_291,Task-1,3771,4210.700525519984,False,-418.7005255199838
Task-2_164,Task-2,3756,4217.706725519984,False,-421.7067255199836
Task-1_292,Task-1,3784,4221.712572519984,False,-416.71257251998395
Task-3_130,Task-3,3752,4230.718245519984,False,-412.7182455199836
Task-1_293,Task-1,3797,4234.724057519984,False,-416.72405751998394
Task-2_165,Task-2,3779,4241.729671519984,False,-422.72967151998364
Task-1_294,Task-1,3810,4245.737392519984,False,-414.7373925199836
Task-2_166,Task-2,3802,4252.743469519984,False,-410.7434695199836
Task-1_295,Task-1,3823,4256.749106519984,False,-412.7491065199838
Task-3_131,Task-3,3781,4265.754425519984,False,-418.75442551998367
Task-1_296,Task-1,3836,4269.762015519984,False,-412.76201551998383
Task-2_167,Task-2,3825,4276.819005519984,False,-411.8190055199839
Task-1_297,Task-1,3849,4280.835274519984,False,-410.8352745199836
Task-3_132,Task-3,3810,4289.838301519983,False,-413.83830151998336
Task-1_298,Task-1,3862,4293.8406015199835,False,-410.84060151998347
Task-2_168,Task-2,3848,4300.842845519984,False,-412.8428455199837
Task-1_299,Task-1,3875,4304.845016519984,False,-408.8450165199838
Task-3_133,Task-3,3839,4313.847291519984,False,-408.8472915199836
Task-1_300,Task-1,3888,4317.849525519983,False,-408.8495255199832
Task-2_169,Task-2,3871,4324.851733519983,False,-413.8517335199831
Task-1_301,Task-1,3901,4328.854936519983,False,-406.8549365199833
Task-3_134,Task-3,3868,4337.857127519983,False,-403.8571275199829
Task-2_170,Task-2,3894,4344.859832519983,False,-410.8598325199828
Task-1_302,Task-1,3914,4348.862306519983,False,-413.86230651998267
Task-1_303,Task-1,3927,4352.864723519982,False,-404.86472351998236
Task-2_171,Task-2,3917,4359.867257519983,False,-402.86725751998256
Task-1_304,Task-1,3940,4363.8697505199825,False,-402.8697505199825
Task-3_135,Task-3,3897,4372.872260519983,False,-409.8722605199828
Task-1_305,Task-1,3953,4376.8751935199825,False,-402.87519351998253
Task-2_172,Task-2,3940,4383.877725519983,False,-403.87772551998296
Task-1_306,Task-1,3966,4387.882030519983,False,-400.88203051998335
Task-3_136,Task-3,3926,4396.884955519983,False,-404.8849555199831
Task-1_307,Task-1,3979,4400.890035519983,False,-400.89003551998303
Task-2_173,Task-2,3963,4407.893665519983,False,-404.8936655199832
Task-1_308,Task-1,3992,4411.896741519983,False,-398.89674151998315
Task-3_137,Task-3,3955,4420.900727519983,False,-399.90072751998287
Task-2_174,Task-2,3986,4427.905004519983,False,-401.90500451998287
Task-1_309,Task-1,4005,4431.907777519983,False,-405.90777751998303
Task-1_310,Task-1,4018,4435.910552519983,False,-396.91055251998296
Task-2_175,Task-2,4009,4442.913074519983,False,-393.91307451998273
Task-3_138,Task-3,3984,4451.916206519983,False,-401.91620651998255
Task-1_311,Task-1,4031,4455.9228555199825,False,-403.9228555199825
Task-1_312,Task-1,4044,4459.927282519982,False,-394.9272825199823
Task-2_176,Task-2,4032,4466.9310575199825,False,-394.93105751998246
Task-1_313,Task-1,4057,4470.948815519982,False,-392.9488155199824
Task-3_139,Task-3,4013,4479.954434519982,False,-400.954434519982
Task-1_314,Task-1,4070,4483.958498519982,False,-392.95849851998173
Task-2_177,Task-2,4055,4490.961593519982,False,-395.96159351998176
Task-1_315,Task-1,4083,4494.965901519981,False,-390.96590151998134
Task-3_140,Task-3,4042,4503.971745519982,False,-395.9717455199816
Task-1_316,Task-1,4096,4507.978913519982,False,-390.9789135199817
Task-2_178,Task-2,4078,4514.982504519981,False,-396.9825045199814
Task-1_317,Task-1,4109,4518.985017519982,False,-388.98501751998174
Task-3_141,Task-3,4071,4527.987225519982,False,-390.9872255199816
Task-2_179,Task-2,4101,4534.990278519982,False,-393.990278519982
Task-1_318,Task-1,4122,4538.993024519982,False,-395.9930245199821
Task-1_319,Task-1,4135,4542.997557519982,False,-386.99755751998237
Task-2_180,Task-2,4124,4550.000793519982,False,-386.0007935199819
Task-3_142,Task-3,4100,4559.003367519982,False,-393.003367519982
Task-1_320,Task-1,4148,4563.006547519982,False,-394.0065475199817
Task-1_321,Task-1,4161,4567.010203519982,False,-385.0102035199816
Task-2_181,Task-2,4147,4574.013679519981,False,-387.01367951998145
Task-3_143,Task-3,4129,4583.019317519981,False,-388.0193175199811
Task-1_322,Task-1,4174,4587.021608519981,False,-392.0216085199809
Task-1_323,Task-1,4187,4591.023918519981,False,-383.0239185199807
Task-2_182,Task-2,4170,4598.02740751998,False,-388.02740751998044
Task-1_324,Task-1,4200,4602.02974351998,False,-381.02974351998
Task-3_144,Task-3,4158,4611.03270151998,False,-387.03270151998004
Task-2_183,Task-2,4193,4618.03557151998,False,-385.0355715199803
Task-1_325,Task-1,4213,4622,False,-388
Task-1_326,Task-1,4226,4626.002419,False,-379.0024190000004
Task-3_145,Task-3,4187,4635.004692,False,-382.00469200000043
Task-2_184,Task-2,4216,4642,False,-386
Task-1_327,Task-1,4239,4646.002958,False,-386.00295800000004
Task-1_328,Task-1,4252,4650.00529,False,-377.00529000000006
Task-2_185,Task-2,4239,4657.007515,False,-378.00751500000024
Task-3_146,Task-3,4216,4666.010229,False,-384.01022900000044
Task-1_329,Task-1,4265,4670.014798,False,-384.01479800000016
Task-1_330,Task-1,4278,4674.0173350000005,False,-375.01733500000046
Task-2_186,Task-2,4262,4681,False,-379
Task-3_147,Task-3,4245,4690.002554,False,-379.0025539999997
Task-1_331,Task-1,4291,4694,False,-382
Task-2_187,Task-2,4285,4701.002468,False,-376.0024679999997
Task-1_332,Task-1,4304,4705.005443,False,-380.005443
Task-1_333,Task-1,4317,4709,False,-371
Task-3_148,Task-3,4274,4718.002767,False,-378.00276699999995
Task-2_188,Task-2,4308,4725.005251,False,-377.0052509999996
Task-1_334,Task-1,4330,4729.007783,False,-378.007783
Task-1_335,Task-1,4343,4733,False,-369
Task-3_149,Task-3,4303,4742.002404,False,-373.00240399999984
Task-2_189,Task-2,4331,4749.0047859999995,False,-378.0047859999995
Task-1_336,Task-1,4356,4753.007664999999,False,-376.0076649999992
Task-1_337,Task-1,4369,4757.010684999999,False,-367.0106849999993
Task-2_190,Task-2,4354,4764.013470999999,False,-370.0134709999993
Task-3_150,Task-3,4332,4773.0161499999995,False,-375.01614999999947
Task-1_338,Task-1,4382,4777.01931,False,-374.0193099999997
Task-1_339,Task-1,4395,4781.021624999999,False,-365.0216249999994
Task-2_191,Task-2,4377,4788.024049,False,-371.02404899999965
Task-3_151,Task-3,4361,4797.026739,False,-370.0267389999999
Task-1_340,Task-1,4408,4801.030548,False,-372.0305479999997
Task-2_192,Task-2,4400,4808.033106999999,False,-368.0331069999993
Task-1_341,Task-1,4421,4812.035515,False,-370.0355149999996
Task-1_342,Task-1,4434,4816.037644999999,False,-361.03764499999943
Task-3_152,Task-3,4390,4825,False,-369
Task-2_193,Task-2,4423,4832.002576,False,-369.00257599999986
Task-1_343,Task-1,4447,4836.004989999999,False,-368.00498999999945
Task-1_344,Task-1,4460,4840.007194999999,False,-359.00719499999923
Task-3_153,Task-3,4419,4849.009415999999,False,-364.00941599999896
Task-2_194,Task-2,4446,4856.013361999999,False,-370.0133619999988
Task-1_345,Task-1,4473,4860,False,-366
Task-1_346,Task-1,4486,4864.002363,False,-357.0023629999996
Task-2_195,Task-2,4469,4871.004653,False,-362.00465299999996
Task-3_154,Task-3,4448,4880.007517,False,-366.007517
Task-1_347,Task-1,4499,4884.009776,False,-364.0097759999999
Task-2_196,Task-2,4492,4891.012059,False,-359.0120589999997
Task-1_348,Task-1,4512,4895.014276999999,False,-362.0142769999993
Task-3_155,Task-3,4477,4904.0190059999995,False,-361.01900599999954
Task-1_349,Task-1,4525,4908.021707999999,False,-362.0217079999993
Task-2_197,Task-2,4515,4915,False,-360
Task-1_350,Task-1,4538,4919.002807,False,-360.00280699999985
Task-3_156,Task-3,4506,4928,False,-356
Task-1_351,Task-1,4551,4932.00311,False,-360.00310999999965
Task-2_198,Task-2,4538,4939.005569999999,False,-361.00556999999935
Task-1_352,Task-1,4564,4943.008457999999,False,-358.00845799999934
Task-1_353,Task-1,4577,4947.011401999999,False,-349.0114019999992
Task-3_157,Task-3,4535,4956.0140519999995,False,-355.01405199999954
Task-2_199,Task-2,4561,4963.016567999999,False,-362.0165679999991
Task-1_354,Task-1,4590,4967,False,-356
Task-2_200,Task-2,4584,4974.002003,False,-350.0020029999996
Task-1_355,Task-1,4603,4978.018037999999,False,-354.01803799999925
Task-3_158,Task-3,4564,4987.020529999999,False,-357.02052999999887
Task-1_356,Task-1,4616,4991.023382999999,False,-354.02338299999883
Task-2_201,Task-2,4607,4998,False,-351
Task-1_357,Task-1,4629,5002.002482,False,-352.0024819999999
Task-3_159,Task-3,4593,5011.005096,False,-352.00509599999987
Task-1_358,Task-1,4642,5015.008376,False,-352.00837599999977
Task-2_202,Task-2,4630,5022.010827,False,-352.01082700000006
Task-1_359,Task-1,4655,5026.013086,False,-350.01308599999993
Task-3_160,Task-3,4622,5035.01512,False,-347.01512
Task-1_360,Task-1,4668,5039.017885,False,-350.0178850000002
Task-2_203,Task-2,4653,5046.020192,False,-353.02019199999995
Task-1_361,Task-1,4681,5050.022524,False,-348.022524
Task-1_362,Task-1,4694,5054.02474,False,-339.02473999999984
Task-2_204,Task-2,4676,5061.027003,False,-345.02700300000015
Task-3_161,Task-3,4651,5070.029738,False,-353.0297380000002
Task-1_363,Task-1,4707,5074.03214,False,-346.03214000000025
Task-2_205,Task-2,4699,5081.034372,False,-342.0343720000001
Task-1_364,Task-1,4720,5085.037009,False,-344.03700899999967
Task-3_162,Task-3,4680,5094.03957,False,-348.0395699999999
Task-1_365,Task-1,4733,5098.041983,False,-344.0419830000001
Task-2_206,Task-2,4722,5105.04433,False,-343.0443299999997
Task-1_366,Task-1,4746,5109.046468,False,-342.04646799999955
Task-3_163,Task-3,4709,5118.048717999999,False,-343.0487179999991
Task-1_367,Task-1,4759,5122.051417999999,False,-342.0514179999991
Task-2_207,Task-2,4745,5129.053713999999,False,-344.05371399999876
Task-1_368,Task-1,4772,5133.056456999999,False,-340.0564569999988
Task-3_164,Task-3,4738,5142.058611999999,False,-338.0586119999989
Task-1_369,Task-1,4785,5146.0608729999985,False,-340.06087299999854
Task-2_208,Task-2,4768,5153.063341999999,False,-345.06334199999856
Task-1_370,Task-1,4798,5157.065588999999,False,-338.0655889999989
Task-2_209,Task-2,4791,5164.067732999999,False,-333.06773299999895
Task-1_371,Task-1,4811,5168.070402999999,False,-336.0704029999988
Task-3_165,Task-3,4767,5177.073180999999,False,-344.07318099999884
Task-1_372,Task-1,4824,5181.076199999999,False,-336.0761999999986
Task-2_210,Task-2,4814,5188,False,-334
Task-1_373,Task-1,4837,5192.003977,False,-334.0039770000003
Task-3_166,Task-3,4796,5201,False,-339
Task-1_374,Task-1,4850,5205,False,-334
Task-2_211,Task-2,4837,5212.002301,False,-335.00230100000044
Task-1_375,Task-1,4863,5216.004519,False,-332.0045190000001
Task-3_167,Task-3,4825,5225.006738,False,-334.00673800000004
Task-1_376,Task-1,4876,5229.008934,False,-332.0089340000004
Task-2_212,Task-2,4860,5236.0112690000005,False,-336.01126900000054
Task-1_377,Task-1,4889,5240,False,-330
Task-3_168,Task-3,4854,5249.002272,False,-329.0022719999997
Task-2_213,Task-2,4883,5256.0044609999995,False,-333.00446099999954
Task-1_378,Task-1,4902,5260,False,-337
Task-1_379,Task-1,4915,5264.002111,False,-328.0021109999998
Task-2_214,Task-2,4906,5271.004395999999,False,-325.00439599999936
Task-3_169,Task-3,4883,5280.006823,False,-331.0068229999997
Task-1_380,Task-1,4928,5284.009117,False,-335.0091169999996
Task-1_381,Task-1,4941,5288.011713,False,-326.0117129999999
Task-2_215,Task-2,4929,5295.013706,False,-326.01370599999973
Task-1_382,Task-1,4954,5299.017519,False,-324.017519
Task-3_170,Task-3,4912,5308.022029,False,-330.02202899999975
Task-1_383,Task-1,4967,5312.0259129999995,False,-324.0259129999995
Task-2_216,Task-2,4952,5319.028582,False,-327.0285819999999
Task-1_384,Task-1,4980,5323.032241,False,-322.0322409999999
Task-3_171,Task-3,4941,5332.0343379999995,False,-325.0343379999995
Task-1_385,Task-1,4993,5336.038057999999,False,-322.0380579999992
Task-2_217,Task-2,4975,5343,False,-328
Task-1_386,Task-1,5006,5347,False,-320
Task-3_172,Task-3,4970,5356.002052,False,-320.0020519999998
Task-2_218,Task-2,4998,5363.004056,False,-325.00405599999976
Task-1_387,Task-1,5019,5367.006093999999,False,-327.0060939999994
Task-1_388,Task-1,5032,5371.008492999999,False,-318.00849299999936
Task-2_219,Task-2,5021,5378.0105109999995,False,-317.0105109999995
Task-3_173,Task-3,4999,5387.012564999999,False,-322.0125649999991
Task-1_389,Task-1,5045,5391.014806999999,False,-325.01480699999865
Task-1_390,Task-1,5058,5395.017059999998,False,-316.0170599999983
Task-2_220,Task-2,5044,5402.018998999998,False,-318.0189989999981
Task-1_391,Task-1,5071,5406.021402999998,False,-314.0214029999979
Task-3_174,Task-3,5028,5415.023801999998,False,-321.0238019999979
Task-1_392,Task-1,5084,5419.0261139999975,False,-314.0261139999975
Task-2_221,Task-2,5067,5426.028157999997,False,-319.02815799999735
Task-1_393,Task-1,5097,5430.030223999997,False,-312.03022399999736
Task-3_175,Task-3,5057,5439.034097999997,False,-316.03409799999736
Task-2_222,Task-2,5090,5446.036335999997,False,-316.0363359999974
Task-1_394,Task-1,5110,5450.038344999997,False,-319.0383449999972
Task-1_395,Task-1,5123,5454.040151999997,False,-310.04015199999685
Task-3_176,Task-3,5086,5463,False,-311
Task-2_223,Task-2,5113,5470.002175,False,-317.0021749999996
Task-1_396,Task-1,5136,5474,False,-317
Task-1_397,Task-1,5149,5478.002324,False,-308.00232400000004
Task-2_224,Task-2,5136,5485.00427,False,-309.00427000000036
Task-3_177,Task-3,5115,5494.006258,False,-313.00625800000034
Task-1_398,Task-1,5162,5498.008494000001,False,-315.0084940000006
Task-1_399,Task-1,5175,5502.010516,False,-306.0105160000003
Task-2_225,Task-2,5159,5509.012493,False,-310.0124930000002
Task-1_400,Task-1,5188,5513,False,-304
Task-3_178,Task-3,5144,5522.001667,False,-312.00166700000045
Task-2_226,Task-2,5182,5529.0036390000005,False,-307.0036390000005
Task-1_401,Task-1,5201,5533.005700000001,False,-311.0057000000006
Task-1_402,Task-1,5214,5537.007679,False,-302.0076790000003
Task-3_179,Task-3,5173,5546.009677,False,-307.009677
Task-2_227,Task-2,5205,5553.011839,False,-308.0118389999998
Task-1_403,Task-1,5227,5557.013859,False,-309.0138589999997
Task-1_404,Task-1,5240,5561.01582,False,-300.0158199999996
Task-3_180,Task-3,5202,5570.017844999999,False,-302.0178449999994
Task-2_228,Task-2,5228,5577.019748,False,-309.0197479999997
Task-1_405,Task-1,5253,5581.021691,False,-307.0216909999999
Task-1_406,Task-1,5266,5585.023768,False,-298.023768
Task-2_229,Task-2,5251,5592.025738,False,-301.0257380000003
Task-3_181,Task-3,5231,5601.02776,False,-304.02775999999994
Task-1_407,Task-1,5279,5605.029658,False,-305.0296580000004
Task-1_408,Task-1,5292,5609.031543,False,-296.03154300000006
Task-2_230,Task-2,5274,5616.033462,False,-302.0334620000003
Task-3_182,Task-3,5260,5625.035485,False,-299.03548500000034
Task-1_409,Task-1,5305,5629.037458000001,False,-303.0374580000007
Task-2_231,Task-2,5297,5636.039494000001,False,-299.03949400000056
Task-1_410,Task-1,5318,5640.041423000001,False,-301.0414230000006
Task-1_411,Task-1,5331,5644.043518,False,-292.0435180000004
Task-3_183,Task-3,5289,5653.045252000001,False,-298.0452520000008
Task-2_232,Task-2,5320,5660.049086000001,False,-300.0490860000009
Task-1_412,Task-1,5344,5664.0510970000005,False,-299.0510970000005
Task-1_413,Task-1,5357,5668.053127,False,-290.05312700000013
Task-2_233,Task-2,5343,5675.0550920000005,False,-292.0550920000005
Task-3_184,Task-3,5318,5684.096995000001,False,-300.0969950000008
Task-1_414,Task-1,5370,5688,False,-297
Task-1_415,Task-1,5383,5692.002135,False,-288.0021349999997
Task-2_234,Task-2,5366,5699.004121,False,-293.00412099999994
Task-3_185,Task-3,5347,5708,False,-295
Task-1_416,Task-1,5396,5712.001889,False,-295.0018890000001
Task-2_235,Task-2,5389,5719.0038030000005,False,-290.0038030000005
Task-1_417,Task-1,5409,5723.005631000001,False,-293.0056310000009
Task-3_186,Task-3,5376,5732.007621000001,False,-290.00762100000065
Task-1_418,Task-1,5422,5736.009562000001,False,-293.0095620000011
Task-2_236,Task-2,5412,5743.0116640000015,False,-291.0116640000015
Task-1_419,Task-1,5435,5747,False,-291
Task-1_420,Task-1,5448,5751.00194,False,-282.0019400000001
Task-3_187,Task-3,5405,5760,False,-289
Task-2_237,Task-2,5435,5767.001974,False,-292.0019739999998
Task-1_421,Task-1,5461,5771.0039209999995,False,-289.00392099999954
Task-1_422,Task-1,5474,5775.0057639999995,False,-280.00576399999954
Task-2_238,Task-2,5458,5782,False,-284
Task-3_188,Task-3,5434,5791.003016,False,-291.00301599999966
Task-1_423,Task-1,5487,5795.0051189999995,False,-287.00511899999947
Task-2_239,Task-2,5481,5802.007014999999,False,-281.0070149999992
Task-1_424,Task-1,5500,5806.0089179999995,False,-285.00891799999954
Task-3_189,Task-3,5463,5815.010786,False,-286.0107859999998
Task-1_425,Task-1,5513,5819.012741,False,-285.01274099999955
Task-2_240,Task-2,5504,5826,False,-282
Task-1_426,Task-1,5526,5830.001995,False,-283.0019949999996
Task-3_190,Task-3,5492,5839.003919,False,-281.00391899999977
Task-1_427,Task-1,5539,5843.005768,False,-283.005768
Task-2_241,Task-2,5527,5850.007648,False,-283.0076479999998
Task-1_428,Task-1,5552,5854.058188999999,False,-281.0581889999994
Task-1_429,Task-1,5565,5858.060581,False,-272.06058099999973
Task-3_191,Task-3,5521,5867.06251,False,-280.06250999999975
Task-2_242,Task-2,5550,5874.064762,False,-284.064762
Task-1_430,Task-1,5578,5878.066672,False,-279.0666719999999
Task-1_431,Task-1,5591,5882.068541,False,-270.06854099999964
Task-2_243,Task-2,5573,5889.070355,False,-276.07035499999984
Task-3_192,Task-3,5550,5898,False,-282
Task-1_432,Task-1,5604,5902.001884,False,-277.00188400000025
Task-2_244,Task-2,5596,5909.003676,False,-273.00367600000027
Task-1_433,Task-1,5617,5913.005489,False,-275.0054890000001
Task-3_193,Task-3,5579,5922.0073330000005,False,-277.0073330000005
Task-1_434,Task-1,5630,5926.009123000001,False,-275.0091230000007
Task-2_245,Task-2,5619,5933.010995000001,False,-274.01099500000055
Task-1_435,Task-1,5643,5937.01281,False,-273.0128100000002
Task-3_194,Task-3,5608,5946.014561,False,-272.01456099999996
Task-1_436,Task-1,5656,5950.016322,False,-273.0163220000004
Task-2_246,Task-2,5642,5957.018036,False,-275.0180360000004
Task-1_437,Task-1,5669,5961.019862,False,-271.0198620000001
Task-3_195,Task-3,5637,5970.021672,False,-267.02167199999985
Task-1_438,Task-1,5682,5974.023476,False,-271.0234760000003
Task-2_247,Task-2,5665,5981,False,-276
Task-1_439,Task-1,5695,5985,False,-269
Task-2_248,Task-2,5688,5992.001802,False,-264.00180199999977
Task-1_440,Task-1,5708,5996.003642,False,-267.0036419999997
Task-3_196,Task-3,5666,6005.005416999999,False,-273.0054169999994
Task-1_441,Task-1,5721,6009.007159999999,False,-267.0071599999992
Task-2_249,Task-2,5711,6016.0088829999995,False,-265.0088829999995
Task-1_442,Task-1,5734,6020,False,-265
Task-3_197,Task-3,5695,6029.001979,False,-268.00197899999966
Task-1_443,Task-1,5747,6033,False,-265
Task-2_250,Task-2,5734,6040.001759,False,-266.00175899999977
Task-1_444,Task-1,5760,6044.003533,False,-263.00353300000006
Task-3_198,Task-3,5724,6053.006642,False,-263.0066420000003
Task-1_445,Task-1,5773,6057.0085690000005,False,-263.00856900000053
Task-2_251,Task-2,5757,6064.010408,False,-267.0104080000001
Task-1_446,Task-1,5786,6068.012195,False,-261.01219500000025
Task-3_199,Task-3,5753,6077.0139850000005,False,-258.0139850000005
Task-2_252,Task-2,5780,6084.015842000001,False,-264.0158420000007
Task-1_447,Task-1,5799,6088.017648000001,False,-268.0176480000009
Task-1_448,Task-1,5812,6092.019529000001,False,-259.01952900000106
Task-2_253,Task-2,5803,6099.021211000001,False,-256.02121100000113
Task-1_449,Task-1,5825,6103.022992000001,False,-257.02299200000107
Task-3_200,Task-3,5782,6112.024798000001,False,-264.0247980000013
Task-1_450,Task-1,5838,6116.026625000001,False,-257.02662500000133
Task-2_254,Task-2,5826,6123.0283880000015,False,-257.02838800000154
Task-1_451,Task-1,5851,6127.030243000002,False,-255.03024300000197
Task-3_201,Task-3,5811,6136.031980000002,False,-259.03198000000157
Task-1_452,Task-1,5864,6140.0339840000015,False,-255.0339840000015
Task-2_255,Task-2,5849,6147.035873000002,False,-258.03587300000163
Task-1_453,Task-1,5877,6151.037567000001,False,-253.03756700000122
Task-3_202,Task-3,5840,6160.039353000001,False,-254.03935300000103
Task-1_454,Task-1,5890,6164.041128000001,False,-253.04112800000075
Task-2_256,Task-2,5872,6171,False,-259
Task-1_455,Task-1,5903,6175.001875,False,-251.00187499999993
Task-3_203,Task-3,5869,6184.0037139999995,False,-249.0037139999995
Task-2_257,Task-2,5895,6191.005440999999,False,-256.00544099999934
Task-1_456,Task-1,5916,6195.007414,False,-258.0074139999997
Task-1_457,Task-1,5929,6199.009201,False,-249.00920099999985
Task-2_258,Task-2,5918,6206.0109729999995,False,-248.01097299999947
Task-1_458,Task-1,5942,6210.0127489999995,False,-247.01274899999953
Task-3_204,Task-3,5898,6219.014545999999,False,-255.01454599999943
Task-1_459,Task-1,5955,6223.016350999999,False,-247.0163509999993
Task-2_259,Task-2,5941,6230.0181299999995,False,-249.01812999999947
Task-1_460,Task-1,5968,6234.019939,False,-245.0199389999998
Task-3_205,Task-3,5927,6243.02179,False,-250.02178999999978
Task-1_461,Task-1,5981,6247.025388999999,False,-245.02538899999945
Task-2_260,Task-2,5964,6254,False,-250
Task-1_462,Task-1,5994,6258.002861,False,-243.00286099999994
Task-3_206,Task-3,5956,6267,False,-245
Task-2_261,Task-2,5987,6274.001865,False,-247.00186500000018
Task-1_463,Task-1,6007,6278.003704,False,-250.00370399999974
Task-1_464,Task-1,6020,6282.005467,False,-241.00546699999995
Task-2_262,Task-2,6010,6289.007146,False,-239.00714599999992
Task-3_207,Task-3,5985,6298.008844,False,-247.00884399999995
Task-1_465,Task-1,6033,6302.010485,False,-248.0104849999998
Task-1_466,Task-1,6046,6306,False,-239
Task-2_263,Task-2,6033.001759,6313.001798,False,-240.00179800000024
Task-3_208,Task-3,6014,6322.003612,False,-242.00361200000043
Task-1_467,Task-1,6059,6326.005698000001,False,-246.00569800000085
Task-1_468,Task-1,6072,6330.007516000001,False,-237.00751600000058
Task-2_264,Task-2,6056,6337.009276000001,False,-241.00927600000068
Task-1_469,Task-1,6085,6341.011087000001,False,-235.01108700000077
Task-3_209,Task-3,6043,6350.012866000001,False,-241.01286600000094
Task-2_265,Task-2,6079,6357.014630000001,False,-238.01463000000058
Task-1_470,Task-1,6098,6361.016279,False,-242.0162790000004
Task-1_471,Task-1,6111,6365.017974,False,-233.01797400000032
Task-3_210,Task-3,6072,6374.0196430000005,False,-236.01964300000054
Task-2_266,Task-2,6102,6381.021278,False,-239.02127800000017
Task-1_472,Task-1,6124,6385.022944,False,-240.02294400000028
Task-1_473,Task-1,6137,6389.024681,False,-231.02468099999987
Task-2_267,Task-2,6125,6396.026282,False,-231.0262819999998
Task-3_211,Task-3,6101,6405.027905,False,-238.02790499999992
Task-1_474,Task-1,6150,6409.029578,False,-238.02957799999967
Task-1_475,Task-1,6163,6413.031292,False,-229.03129199999967
Task-2_268,Task-2,6148,6420,False,-232
Task-3_212,Task-3,6130,6429.001714,False,-233.001714
Task-1_476,Task-1,6176,6433.003355,False,-236.00335499999983
Task-1_477,Task-1,6189,6437.004996,False,-227.00499599999966
Task-2_269,Task-2,6171,6444.006624,False,-233.00662399999965
Task-1_478,Task-1,6202,6448.009604,False,-225.00960399999985
Task-3_213,Task-3,6159,6457.011543,False,-232.01154299999962
Task-2_270,Task-2,6194,6464.0132189999995,False,-230.01321899999948
Task-1_479,Task-1,6215,6468.014934,False,-232.0149339999998
Task-1_480,Task-1,6228,6472.016694,False,-223.01669399999992
Task-3_214,Task-3,6188,6481.018457,False,-227.01845700000013
Task-2_271,Task-2,6217,6488,False,-231
Task-1_481,Task-1,6241,6492.001747,False,-230.00174700000025
Task-1_482,Task-1,6254,6496.003528,False,-221.0035280000002
Task-2_272,Task-2,6240,6503.005217,False,-223.0052169999999
Task-3_215,Task-3,6217,6512.0069,False,-229.00690000000031
Task-1_483,Task-1,6267,6516,False,-228
Task-1_484,Task-1,6280,6520.001649,False,-219.00164899999982
Task-2_273,Task-2,6263,6527,False,-224
Task-3_216,Task-3,6246,6536,False,-224
Task-1_485,Task-1,6293,6540,False,-226
Task-2_274,Task-2,6286,6547.001834,False,-221.0018339999997
Task-1_486,Task-1,6306,6551.003489,False,-224.00348899999972
Task-1_487,Task-1,6319,6555.005192,False,-215.00519199999962
Task-3_217,Task-3,6275,6564.006799999999,False,-223.0067999999992
Task-2_275,Task-2,6309,6571.008618999999,False,-222.00861899999927
Task-1_488,Task-1,6332,6575.010362999999,False,-222.01036299999942
Task-1_489,Task-1,6345,6579,False,-213
Task-3_218,Task-3,6304,6588.001724,False,-218.00172399999974
Task-2_276,Task-2,6332,6595.003503999999,False,-223.00350399999934
Task-1_490,Task-1,6358,6599.005918999999,False,-220.00591899999927
Task-1_491,Task-1,6371,6603.007694999999,False,-211.00769499999933
Task-2_277,Task-2,6355,6610.009324,False,-215.00932399999965
Task-3_219,Task-3,6333,6619.011033999999,False,-220.0110339999992
Task-1_492,Task-1,6384,6623,False,-218
Task-2_278,Task-2,6378,6630.001677,False,-212.0016770000002
Task-1_493,Task-1,6397,6634.003241,False,-216.00324100000034
Task-3_220,Task-3,6362,6643.004874,False,-215.0048740000002
Task-1_494,Task-1,6410,6647.007926,False,-216.00792600000023
Task-2_279,Task-2,6401,6654,False,-213
Task-1_495,Task-1,6423,6658.001656,False,-214.00165600000037
Task-3_221,Task-3,6391,6667.003295,False,-210.00329500000043
Task-1_496,Task-1,6436,6671.004870000001,False,-214.00487000000066
Task-2_280,Task-2,6424,6678.006537000001,False,-214.00653700000112
Task-1_497,Task-1,6449,6682.008096000001,False,-212.0080960000014
Task-1_498,Task-1,6462,6686.009731000001,False,-203.009731000001
Task-3_222,Task-3,6420,6695.011539000001,False,-209.011539000001
Task-2_281,Task-2,6447,6702.013119000001,False,-215.0131190000011
Task-1_499,Task-1,6475,6706.014792000001,False,-210.01479200000085
Task-1_500,Task-1,6488,6710,False,-201
Task-2_282,Task-2,6470,6717.001615,False,-207.00161500000013
Task-3_223,Task-3,6449,6726.003252,False,-211.00325200000043
Task-1_501,Task-1,6501,6730.004897000001,False,-208.0048970000007
Task-2_283,Task-2,6493,6737.006480000001,False,-204.00648000000092
Task-1_502,Task-1,6514,6741.008073000001,False,-206.00807300000088
Task-3_224,Task-3,6478,6750.0095790000005,False,-206.00957900000049
Task-1_503,Task-1,6527,6754.011163,False,-206.01116300000012
Task-2_284,Task-2,6516,6761,False,-205
Task-1_504,Task-1,6540,6765.001552,False,-204.00155199999972
Task-3_225,Task-3,6507,6774,False,-201
Task-1_505,Task-1,6553,6778.001591,False,-204.0015910000002
Task-2_285,Task-2,6539,6785.003108,False,-206.00310799999988
Task-1_506,Task-1,6566,6789.004671,False,-202.0046709999997
Task-1_507,Task-1,6579,6793.006283,False,-193.0062829999997
Task-3_226,Task-3,6536,6802.007791,False,-200.007791
Task-2_286,Task-2,6562,6809.009589,False,-207.00958900000023
Task-1_508,Task-1,6592,6813,False,-200
Task-2_287,Task-2,6585,6820.001528,False,-195.00152799999978
Task-1_509,Task-1,6605,6824.003109,False,-198.00310900000022
Task-3_227,Task-3,6565,6833.004718,False,-202.00471800000014
Task-1_510,Task-1,6618,6837.0063390000005,False,-198.00633900000048
Task-2_288,Task-2,6608,6844.0092700000005,False,-196.00927000000047
Task-1_511,Task-1,6631,6848.010888000001,False,-196.0108880000007
Task-3_228,Task-3,6594,6857.012367,False,-197.01236700000027
Task-1_512,Task-1,6644,6861,False,-196
Task-2_289,Task-2,6631,6868.001575,False,-197.00157500000023
Task-1_513,Task-1,6657,6872.003159,False,-194.00315899999987
Task-3_229,Task-3,6623,6881.004686,False,-192.00468600000022
Task-1_514,Task-1,6670,6885.006191,False,-194.0061910000004
Task-2_290,Task-2,6654,6892.007756,False,-198.00775599999997
Task-1_515,Task-1,6683,6896.009226,False,-192.00922600000013
Task-2_291,Task-2,6677,6903.010664,False,-186.01066400000036
Task-1_516,Task-1,6696,6907,False,-190
Task-3_230,Task-3,6652,6916.001451,False,-198.0014510000001
Task-1_517,Task-1,6709,6920.002859,False,-190.00285900000017
Task-2_292,Task-2,6700,6927.004309,False,-187.00430899999992
Task-1_518,Task-1,6722,6931.005786,False,-188.00578599999972
Task-3_231,Task-3,6681,6940.0073059999995,False,-193.00730599999952
Task-1_519,Task-1,6735,6944.008733,False,-188.00873299999967
Task-2_293,Task-2,6723,6951.010173,False,-188.01017299999967
Task-1_520,Task-1,6748,6955.011568,False,-186.0115679999999
Task-3_232,Task-3,6710,6964.012993,False,-188.01299300000028
Task-1_521,Task-1,6761,6968.014463,False,-186.01446300000043
Task-2_294,Task-2,6746,6975.015787,False,-189.01578700000027
Task-1_522,Task-1,6774,6979.0171900000005,False,-184.01719000000048
Task-3_233,Task-3,6739,6988.018611,False,-183.01861100000042
Task-1_523,Task-1,6787,6992.020044000001,False,-184.02004400000078
Task-2_295,Task-2,6769,6999,False,-190
Task-1_524,Task-1,6800,7003.001439,False,-182.00143899999966
Task-2_296,Task-2,6792,7010.002901999999,False,-178.00290199999927
Task-3_234,Task-3,6768,7019.004292,False,-185.00429199999962
Task-1_525,Task-1,6813,7023.0057289999995,False,-189.00572899999952
Task-1_526,Task-1,6826,7027.007146999999,False,-180.00714699999935
Task-2_297,Task-2,6815,7034,False,-179
Task-1_527,Task-1,6839,7038.001584,False,-178.00158399999964
Task-3_235,Task-3,6797,7047,False,-184
Task-1_528,Task-1,6852,7051.001476,False,-178.00147600000037
Task-2_298,Task-2,6838,7058,False,-180
Task-1_529,Task-1,6865,7062.001436,False,-176.00143599999956
Task-3_236,Task-3,6826,7071.002898999999,False,-179.00289899999916
Task-1_530,Task-1,6878,7075.004526999999,False,-176.00452699999914
Task-2_299,Task-2,6861,7082.005985999999,False,-181.0059859999992
Task-1_531,Task-1,6891,7086,False,-174
Task-3_237,Task-3,6855,7095.001579,False,-174.00157899999977
Task-2_300,Task-2,6884,7102.002963999999,False,-178.00296399999934
Task-1_532,Task-1,6904,7106.004574999999,False,-181.00457499999902
Task-1_533,Task-1,6917,7110.006095999999,False,-172.00609599999916
Task-2_301,Task-2,6907,7117.007437999999,False,-170.00743799999873
Task-3_238,Task-3,6884,7126.008881999999,False,-176.00888199999918
Task-1_534,Task-1,6930,7130.010301999999,False,-179.01030199999877
Task-1_535,Task-1,6943,7134.011733999999,False,-170.0117339999988
Task-2_302,Task-2,6930,7141.0131489999985,False,-171.01314899999852
Task-1_536,Task-1,6956,7145,False,-168
Task-3_239,Task-3,6913,7154.001441,False,-175.00144100000034
Task-1_537,Task-1,6969,7158.002836000001,False,-168.00283600000057
Task-2_303,Task-2,6953,7165.004204000001,False,-172.00420400000075
Task-1_538,Task-1,6982,7169.005612000001,False,-166.00561200000084
Task-3_240,Task-3,6942,7178.007092000001,False,-170.00709200000074
Task-2_304,Task-2,6976,7185.008535000001,False,-169.00853500000085
Task-1_539,Task-1,6995,7189.009930000001,False,-173.00993000000108
Task-1_540,Task-1,7008,7193.011303000001,False,-164.01130300000113
Task-3_241,Task-3,6971,7202.012667000001,False,-165.01266700000087
Task-2_305,Task-2,6999,7209.0139850000005,False,-170.0139850000005
Task-1_541,Task-1,7021,7213.015420000001,False,-171.01542000000063
Task-1_542,Task-1,7034,7217.016759000001,False,-162.016759000001
Task-2_306,Task-2,7022,7224.018067000001,False,-162.01806700000088
Task-3_242,Task-3,7000,7233.019473000001,False,-167.0194730000012
Task-1_543,Task-1,7047,7237.020874000002,False,-169.02087400000164
Task-1_544,Task-1,7060,7241.0223430000015,False,-160.02234300000146
Task-2_307,Task-2,7045,7248.023625000002,False,-163.02362500000163
Task-1_545,Task-1,7073,7252,False,-158
Task-3_243,Task-3,7029,7261,False,-166
Task-1_546,Task-1,7086,7265.001391,False,-158.00139099999978
Task-2_308,Task-2,7068,7272.002678,False,-164.00267799999983
Task-1_547,Task-1,7099,7276.004038,False,-156.00403800000004
Task-3_244,Task-3,7058,7285.00537,False,-161.00536999999986
Task-2_309,Task-2,7091,7292.006719,False,-161.00671899999998
Task-1_548,Task-1,7112,7296.008107,False,-163.00810699999965
Task-1_549,Task-1,7125,7300.009448999999,False,-154.00944899999922
Task-3_245,Task-3,7087,7309.010903999999,False,-156.01090399999885
Task-2_310,Task-2,7114,7316.012300999999,False,-162.01230099999884
Task-1_550,Task-1,7138,7320,False,-161
Task-1_551,Task-1,7151,7324.00134,False,-152.0013399999998
Task-2_311,Task-2,7137,7331.002684,False,-154.00268400000004
Task-3_246,Task-3,7116,7340.003953,False,-158.00395300000037
Task-1_552,Task-1,7164,7344,False,-159
Task-1_553,Task-1,7177,7348,False,-150
Task-2_312,Task-2,7160,7355.001291,False,-155.00129099999958
Task-3_247,Task-3,7145,7364.002653,False,-153.00265299999955
Task-1_554,Task-1,7190,7368.004097,False,-157.004097
Task-2_313,Task-2,7183,7375.005455,False,-152.00545500000044
Task-1_555,Task-1,7203,7379.006789,False,-155.00678900000003
Task-1_556,Task-1,7216,7383.008263,False,-146.00826299999972
Task-3_248,Task-3,7174,7392.009545999999,False,-152.00954599999932
Task-2_314,Task-2,7206,7399.0108629999995,False,-153.01086299999952
Task-1_557,Task-1,7229,7403.012231,False,-153.0122309999997
Task-1_558,Task-1,7242,7407.013652,False,-144.01365199999964
Task-3_249,Task-3,7203,7416.015066,False,-147.01506599999993
Task-2_315,Task-2,7229,7423.0164429999995,False,-154.01644299999953
Task-1_559,Task-1,7255,7427.017771,False,-151.0177709999998
Task-1_560,Task-1,7268,7431.019182,False,-142.019182
Task-2_316,Task-2,7252,7438.06474,False,-146.0647399999998
Task-3_250,Task-3,7232,7447.066596,False,-149.06659599999966
Task-1_561,Task-1,7281,7451.067931,False,-149.0679309999996
Task-2_317,Task-2,7275,7458.0692739999995,False,-143.0692739999995
Task-1_562,Task-1,7294,7462.070675999999,False,-147.07067599999937
Task-3_251,Task-3,7261,7471.07198,False,-144.0719799999997
Task-1_563,Task-1,7307,7475.073356,False,-147.07335599999988
Task-2_318,Task-2,7298,7482,False,-144
Task-1_564,Task-1,7320,7486.001346,False,-145.001346
Task-1_565,Task-1,7333,7490.002625,False,-136.00262500000008
Task-3_252,Task-3,7290,7499.003883,False,-143.00388300000031
Task-2_319,Task-2,7321,7506.005166,False,-145.00516599999992
Task-1_566,Task-1,7346,7510.006442,False,-143.00644199999988
Task-1_567,Task-1,7359,7514.007727,False,-134.00772700000016
Task-2_320,Task-2,7344,7521.00892,False,-137.00892000000022
Task-3_253,Task-3,7319,7530.010662000001,False,-145.0106620000006
Task-1_568,Task-1,7372,7534.012112,False,-141.01211200000034
Task-1_569,Task-1,7385,7538.013594,False,-132.013594
Task-2_321,Task-2,7367,7545.014898,False,-138.01489800000036
Task-3_254,Task-3,7348,7554,False,-140
Task-1_570,Task-1,7398,7558.001883,False,-139.0018829999999
Task-2_322,Task-2,7390,7565.003243,False,-135.0032430000001
Task-1_571,Task-1,7411,7569.004512,False,-137.00451200000043
Task-3_255,Task-3,7377,7578.005843000001,False,-135.00584300000082
Task-1_572,Task-1,7424,7582.0071020000005,False,-137.0071020000005
Task-2_323,Task-2,7413,7589.008343,False,-136.00834300000042
Task-1_573,Task-1,7437,7593,False,-135
Task-1_574,Task-1,7450,7597,False,-126
Task-3_256,Task-3,7406,7606,False,-134
Task-2_324,Task-2,7436,7613.00111,False,-137.00111000000015
Task-1_575,Task-1,7463,7617.0022690000005,False,-133.00226900000052
Task-1_576,Task-1,7476,7621.003688000001,False,-124.0036880000007
Task-2_325,Task-2,7459,7628.006565000001,False,-129.0065650000006
Task-3_257,Task-3,7435,7637.00784,False,-136.00784000000021
Task-1_577,Task-1,7489,7641.009045,False,-131.0090449999998
Task-2_326,Task-2,7482,7648.0101509999995,False,-126.0101509999995
Task-1_578,Task-1,7502,7652.011396,False,-129.01139599999988
Task-3_258,Task-3,7464,7661.012707,False,-131.01270699999986
Task-1_579,Task-1,7515,7665.013817,False,-129.01381700000002
Task-2_327,Task-2,7505,7672.014939,False,-127.01493899999969
Task-1_580,Task-1,7528,7676.016181999999,False,-127.01618199999939
Task-3_259,Task-3,7493,7685.017322,False,-126.0173219999997
Task-1_581,Task-1,7541,7689,False,-127
Task-2_328,Task-2,7528,7696,False,-128
Task-1_582,Task-1,7554,7700.00113,False,-125.00112999999965
Task-3_260,Task-3,7522,7709.002353,False,-121.00235299999986
Task-1_583,Task-1,7567,7713.003525,False,-125.00352500000008
Task-2_329,Task-2,7551,7720.004672,False,-129.00467200000003
Task-1_584,Task-1,7580,7724.005779,False,-123.00577900000008
Task-2_330,Task-2,7574,7731.006962,False,-117.00696200000039
Task-1_585,Task-1,7593,7735,False,-121
Task-3_261,Task-3,7551,7744.001079,False,-127.00107899999966
Task-1_586,Task-1,7606,7748.00223,False,-121.00223000000005
Task-2_331,Task-2,7597,7755.003468,False,-118.00346799999988
Task-1_587,Task-1,7619,7759.004942,False,-119.00494199999957
Task-3_262,Task-3,7580,7768.006168,False,-122.00616799999989
Task-1_588,Task-1,7632,7772.007343,False,-119.00734300000022
Task-2_332,Task-2,7620,7779.0084480000005,False,-119.0084480000005
Task-1_589,Task-1,7645,7783,False,-117
Task-3_263,Task-3,7609,7792.001126,False,-117.00112600000011
Task-1_590,Task-1,7658,7796.002372,False,-117.00237199999992
Task-2_333,Task-2,7643,7803.003506,False,-120.00350600000002
Task-1_591,Task-1,7671,7807.004611,False,-115.0046110000003
Task-3_264,Task-3,7638,7816.005743000001,False,-112.00574300000062
Task-1_592,Task-1,7684,7820.006975,False,-115.00697500000024
Task-2_334,Task-2,7666,7827,False,-121
Task-1_593,Task-1,7697,7831.00118,False,-113.0011800000002
Task-2_335,Task-2,7689,7838.002274,False,-109.0022740000004
Task-1_594,Task-1,7710,7842.0033220000005,False,-111.00332200000048
Task-3_265,Task-3,7667,7851.004448000001,False,-118.0044480000006
Task-1_595,Task-1,7723,7855.005701000001,False,-111.00570100000095
Task-2_336,Task-2,7712,7862.006845000001,False,-110.0068450000008
Task-1_596,Task-1,7736,7866,False,-109
Task-3_266,Task-3,7696,7875.001075,False,-113.00107500000013
Task-1_597,Task-1,7749,7879,False,-109
Task-2_337,Task-2,7735,7886.00122,False,-111.0012200000001
Task-1_598,Task-1,7762,7890.00238,False,-107.0023799999999
Task-3_267,Task-3,7725,7899,False,-108
Task-1_599,Task-1,7775,7903.001082,False,-107.00108199999977
Task-2_338,Task-2,7758,7910.0021639999995,False,-112.00216399999954
Task-1_600,Task-1,7788,7914.003360999999,False,-105.00336099999913
Task-3_268,Task-3,7754,7923.004392999999,False,-103.00439299999925
Task-2_339,Task-2,7781,7930.005431999999,False,-109.00543199999902
Task-1_601,Task-1,7801,7934.006574999999,False,-112.00657499999943
Task-1_602,Task-1,7814,7938.007675,False,-103.00767499999984
Task-2_340,Task-2,7804,7945.008656999999,False,-101.0086569999994
Task-1_603,Task-1,7827,7949.010592,False,-101.01059199999963
Task-3_269,Task-3,7783,7958.01242,False,-109.01242000000002
Task-1_604,Task-1,7840,7962.013516,False,-101.01351599999998
Task-2_341,Task-2,7827.00118,7969.014588,False,-102.014588
Task-1_605,Task-1,7853,7973.015627,False,-99.01562699999977
Task-3_270,Task-3,7812,7982.016608999999,False,-104.01660899999933
Task-1_606,Task-1,7866,7986,False,-99
Task-2_342,Task-2,7850,7993.001128,False,-103.00112799999988
Task-1_607,Task-1,7879,7997.002469999999,False,-97.00246999999945
Task-3_271,Task-3,7841,8006.003664,False,-99.00366399999984
Task-2_343,Task-2,7873,8013.004676,False,-100.00467599999956
Task-1_608,Task-1,7892,8017.005778999999,False,-104.00577899999917
Task-1_609,Task-1,7905,8021.006882999999,False,-95.0068829999991
Task-3_272,Task-3,7870,8030.009210999999,False,-94.00921099999869
Task-2_344,Task-2,7896,8037.0101909999985,False,-101.01019099999849
Task-1_610,Task-1,7918,8041.011208999998,False,-102.01120899999842
Task-1_611,Task-1,7931,8045.012210999998,False,-93.01221099999839
Task-2_345,Task-2,7919,8052.013236999998,False,-93.0132369999983
Task-3_273,Task-3,7899,8061,False,-96
Task-1_612,Task-1,7944,8065.001047,False,-100.00104699999974
Task-1_613,Task-1,7957,8069.002045,False,-91.00204500000018
Task-2_346,Task-2,7942,8076.003035,False,-94.00303499999973
Task-1_614,Task-1,7970,8080,False,-89
Task-3_274,Task-3,7928,8089.000988,False,-95.00098799999978
Task-1_615,Task-1,7983,8093.0019919999995,False,-89.00199199999952
Task-2_347,Task-2,7965,8100,False,-95
Task-1_616,Task-1,7996,8104.001127,False,-87.00112700000045
Task-3_275,Task-3,7957,8113,False,-90
Task-2_348,Task-2,7988,8120.00101,False,-92.00100999999995
Task-1_617,Task-1,8009,8124.002001,False,-94.00200099999984
Task-1_618,Task-1,8022,8128.003008,False,-85.00300799999968
Task-2_349,Task-2,8011,8135.004037,False,-84.0040369999997
Task-3_276,Task-3,7986,8144.00504,False,-92.00504000000001
Task-1_619,Task-1,8035,8148.006141,False,-92.00614099999984
Task-1_620,Task-1,8048,8152,False,-83
Task-2_350,Task-2,8034,8159.00103,False,-85.00103000000036
Task-3_277,Task-3,8015,8168.00204,False,-87.0020400000003
Task-1_621,Task-1,8061,8172,False,-90
Task-1_622,Task-1,8074,8176.001004,False,-81.00100399999974
Task-2_351,Task-2,8057,8183.002085,False,-86.00208500000008
Task-1_623,Task-1,8087,8187.003115,False,-79.00311500000043
Task-3_278,Task-3,8044,8196.004057,False,-86.0040570000001
Task-2_352,Task-2,8080,8203.005041,False,-83.00504100000035
Task-1_624,Task-1,8100,8207.006023,False,-86.00602299999991
Task-1_625,Task-1,8113,8211.007064,False,-77.00706399999945
Task-3_279,Task-3,8073,8220.008106,False,-81.00810599999932
Task-2_353,Task-2,8103,8227.009166,False,-84.00916599999982
Task-1_626,Task-1,8126,8231.010143,False,-84.01014299999952
Task-1_627,Task-1,8139,8235.011113999999,False,-75.011113999999
Task-2_354,Task-2,8126,8242.012040999998,False,-76.01204099999813
Task-3_280,Task-3,8102,8251.012957999998,False,-83.01295799999752
Task-1_628,Task-1,8152,8255.013934999997,False,-82.01393499999722
Task-1_629,Task-1,8165,8259.014872999996,False,-73.01487299999644
Task-2_355,Task-2,8149,8266.015838999996,False,-77.01583899999605
Task-3_281,Task-3,8131,8275.016865999996,False,-78.0168659999963
Task-1_630,Task-1,8178,8279.017785999997,False,-80.0177859999967
Task-2_356,Task-2,8172,8286.018737999997,False,-74.01873799999703
Task-1_631,Task-1,8191,8290.019702999996,False,-78.0197029999963
Task-1_632,Task-1,8204,8294.020635999996,False,-69.02063599999565
Task-3_282,Task-3,8160,8303.021543999996,False,-77.02154399999563
Task-2_357,Task-2,8195,8310,False,-75
Task-1_633,Task-1,8217,8314.000968,False,-76.00096800000028
Task-1_634,Task-1,8230,8318.001917,False,-67.0019169999996
Task-3_283,Task-3,8189,8327.002794,False,-72.002794
Task-2_358,Task-2,8218,8334,False,-76
Task-1_635,Task-1,8243,8338.001009,False,-74.00100899999961
Task-1_636,Task-1,8256,8342.002052,False,-65.00205199999982
Task-2_359,Task-2,8241,8349.00293,False,-68.00293000000056
Task-3_284,Task-3,8218,8358.003796,False,-74.00379600000088
Task-1_637,Task-1,8269,8362.004712000002,False,-72.00471200000175
Task-1_638,Task-1,8282,8366.005642000002,False,-63.0056420000019
Task-2_360,Task-2,8264,8373,False,-69
Task-3_285,Task-3,8247,8382.000884,False,-69.00088399999913
Task-1_639,Task-1,8295,8386,False,-70
Task-2_361,Task-2,8287,8393.000889,False,-66.00088900000083
Task-1_640,Task-1,8308,8397.001786,False,-68.00178600000072
Task-3_286,Task-3,8276,8406.002619,False,-64.00261900000078
Task-1_641,Task-1,8321,8410.003504,False,-68.00350400000025
Task-2_362,Task-2,8310,8417.004361000001,False,-67.00436100000115
Task-1_642,Task-1,8334,8421,False,-66
Task-1_643,Task-1,8347,8425,False,-57
Task-3_287,Task-3,8305,8434.000864,False,-63.00086399999964
Task-2_363,Task-2,8333,8441.001715999999,False,-68.00171599999885
Task-1_644,Task-1,8360,8445.002680999998,False,-64.00268099999812
Task-1_645,Task-1,8373,8449.003566999998,False,-55.00356699999793
Task-2_364,Task-2,8356,8456.004387999998,False,-60.00438799999756
Task-3_288,Task-3,8334.001009,8465.005214999997,False,-65.0052149999974
Task-1_646,Task-1,8386,8469.006089999997,False,-62.00608999999713
Task-2_365,Task-2,8379,8476.006896999997,False,-57.00689699999748
Task-1_647,Task-1,8399,8480.007764999997,False,-60.00776499999665
Task-3_289,Task-3,8363,8489.008631999997,False,-60.008631999997306
Task-1_648,Task-1,8412,8493.009431999997,False,-60.009431999997105
Task-2_366,Task-2,8402,8500.010211999997,False,-58.01021199999741
Task-1_649,Task-1,8425,8504.011061999998,False,-58.011061999997764
Task-3_290,Task-3,8392,8513.012072999998,False,-55.012072999998054
Task-1_650,Task-1,8438,8517,False,-58
Task-2_367,Task-2,8425.000864,8524.00083,False,-59.00083000000086
Task-1_651,Task-1,8451,8528.001809000001,False,-56.00180900000123
Task-1_652,Task-1,8464,8532.002709,False,-47.00270900000032
Task-3_291,Task-3,8421,8541.003537,False,-54.003537000000506
Task-2_368,Task-2,8448,8548.004577,False,-60.0045769999997
Task-1_653,Task-1,8477,8552.005465,False,-54.005465000000186
Task-2_369,Task-2,8471,8559.006309,False,-48.00630900000033
Task-1_654,Task-1,8490,8563,False,-52
Task-3_292,Task-3,8450,8572.000951,False,-56.000950999999986
Task-1_655,Task-1,8503,8576.00237,False,-52.002370000000155
Task-2_370,Task-2,8494,8583.003971,False,-49.00397100000009
Task-1_656,Task-1,8516,8587.00482,False,-50.00482000000011
Task-3_293,Task-3,8479,8596.005562,False,-51.00556200000028
Task-1_657,Task-1,8529,8600.006505,False,-50.00650499999938
Task-2_371,Task-2,8517,8607,False,-50
Task-1_658,Task-1,8542,8611.00082,False,-48.000819999999294
Task-3_294,Task-3,8508,8620,False,-46
Task-1_659,Task-1,8555,8624,False,-48
Task-2_372,Task-2,8540,8631.000811,False,-51.000810999999885
Task-1_660,Task-1,8568,8635.001724,False,-46.00172399999974
Task-1_661,Task-1,8581,8639.003144,False,-37.00314400000025
Task-3_295,Task-3,8537,8648.004171,False,-45.0041710000005
Task-2_373,Task-2,8563,8655,False,-52
Task-1_662,Task-1,8594,8659,False,-44
Task-2_374,Task-2,8586,8666.000948,False,-40.00094800000079
Task-1_663,Task-1,8607,8670.001744000001,False,-42.001744000001054
Task-3_296,Task-3,8566,8679.002555000001,False,-47.00255500000094
Task-1_664,Task-1,8620,8683.003421000001,False,-42.003421000001254
Task-2_375,Task-2,8609,8690.004266000002,False,-41.004266000001735
Task-1_665,Task-1,8633,8694.005131000002,False,-40.00513100000171
Task-3_297,Task-3,8595,8703.005871000001,False,-42.00587100000121
Task-1_666,Task-1,8646,8707.006852,False,-40.006852000000436
Task-2_376,Task-2,8632,8714.007625,False,-42.00762500000019
Task-1_667,Task-1,8659,8718.008517,False,-38.00851700000021
Task-3_298,Task-3,8624,8727.009459,False,-37.00945900000079
Task-1_668,Task-1,8672,8731.010379000001,False,-38.010379000001194
Task-2_377,Task-2,8655,8738.01128,False,-43.011280000000625
Task-1_669,Task-1,8685,8742.012167,False,-36.01216700000077
Task-2_378,Task-2,8678,8749.01293,False,-31.01293000000078
Task-3_299,Task-3,8653,8758.013678000001,False,-39.013678000001164
Task-1_670,Task-1,8698,8762.014442000002,False,-43.01444200000151
Task-1_671,Task-1,8711,8766.015280000001,False,-34.01528000000144
Task-2_379,Task-2,8701,8773.016115000002,False,-32.01611500000217
Task-1_672,Task-1,8724,8777.016897000001,False,-32.016897000001336
Task-3_300,Task-3,8682,8786.017735000001,False,-38.01773500000127
Task-1_673,Task-1,8737,8790.018446000002,False,-32.01844600000186
Task-2_380,Task-2,8724,8797.019236000002,False,-33.01923600000191
Task-1_674,Task-1,8750,8801.020172000002,False,-30.020172000002276
Task-3_301,Task-3,8711,8810.021045000003,False,-33.02104500000314
Task-1_675,Task-1,8763,8814.021811000002,False,-30.021811000002344
Task-2_381,Task-2,8747,8821.027121000003,False,-34.02712100000281
Task-1_676,Task-1,8776,8825.028010000004,False,-28.028010000003633
Task-3_302,Task-3,8740,8834.028779000004,False,-28.02877900000385
Task-2_382,Task-2,8770,8841,False,-31
Task-1_677,Task-1,8789,8845.001162,False,-35.00116200000048
Task-1_678,Task-1,8802,8849.001914,False,-26.001914000000397
Task-2_383,Task-2,8793,8856,False,-23
Task-3_303,Task-3,8769,8865.000751,False,-30.000750999999582
Task-1_679,Task-1,8815,8869.001436999999,False,-33.00143699999899
Task-1_680,Task-1,8828,8873.002159,False,-24.002158999999665
Task-2_384,Task-2,8816,8880,False,-24
Task-1_681,Task-1,8841,8884.000746,False,-22.000745999999708
Task-3_304,Task-3,8798,8893,False,-29
Task-1_682,Task-1,8854,8897.000804,False,-22.000803999999334
Task-2_385,Task-2,8839,8904.001479999999,False,-25.001479999998992
Task-1_683,Task-1,8867,8908,False,-20
Task-3_305,Task-3,8827,8917.000699,False,-24.000699000000168
Task-1_684,Task-1,8880,8921.001408,False,-20.001408000000083
Task-2_386,Task-2,8862,8928.002273,False,-26.00227300000006
Task-1_685,Task-1,8893,8932,False,-18
Task-3_306,Task-3,8856,8941.000861,False,-19.00086100000044
Task-2_387,Task-2,8885,8948.001557,False,-23.001556999999593
Task-1_686,Task-1,8906,8952.002354999999,False,-25.002354999998715
Task-1_687,Task-1,8919,8956.003053999999,False,-16.003053999998883
Task-2_388,Task-2,8908,8963.003756999999,False,-15.003756999998586
Task-3_307,Task-3,8885,8972,False,-21
Task-1_688,Task-1,8932,8976.000807,False,-23.00080700000035
Task-1_689,Task-1,8945,8980.001471,False,-14.001470999999583
Task-2_389,Task-2,8931,8987.002209,False,-16.00220900000022
Task-1_690,Task-1,8958,8991.002902,False,-12.002902000000176
Task-3_308,Task-3,8914,9000,False,-20
Task-1_691,Task-1,8971,9004.000657,False,-12.000657000000501
Task-2_390,Task-2,8954,9011.001355,False,-17.00135500000033
Task-1_692,Task-1,8984,9015.002766,False,-10.00276599999961
Task-3_309,Task-3,8943,9024.00345,False,-15.003450000000157
Task-2_391,Task-2,8977,9031.004179,False,-14.004178999999567
Task-1_693,Task-1,8997,9035.004890999999,False,-17.00489099999868
Task-1_694,Task-1,9010,9039.005672999998,False,-8.005672999997842
Task-3_310,Task-3,8972,9048.006347999997,False,-10.00634799999716
Task-2_392,Task-2,9000,9055.006971999997,False,-15.006971999997404
Task-1_695,Task-1,9023,9059,False,-15
Task-1_696,Task-1,9036,9063.000677,False,-6.000676999999996
Task-2_393,Task-2,9023,9070.001281,False,-7.001281000000745
Task-3_311,Task-3,9001,9079.001896000002,False,-12.00189600000158
Task-1_697,Task-1,9049,9083.002574000002,False,-13.002574000001914
Task-1_698,Task-1,9062,9087.003168000001,False,-4.0031680000010965
Task-2_394,Task-2,9046,9094.003680000002,False,-8.003680000001623
Task-3_312,Task-3,9030,9103.004328,False,-7.004328000000896
Task-1_699,Task-1,9075,9107.005071000001,False,-11.005071000001408
Task-2_395,Task-2,9069,9114,False,-5
Task-1_700,Task-1,9088,9118.000573,False,-9.00057299999935
Task-1_701,Task-1,9101,9122.001232999999,False,-0.0012329999990470242
Task-3_313,Task-3,9059,9131.001825,False,-6.001824999999371
Task-2_396,Task-2,9092,9138,False,-6
Task-1_702,Task-1,9114,9142.00056,False,-7.000560000000405
Task-1_703,Task-1,9127,9146,True,2
Task-3_314,Task-3,9088,9155.000764,False,-1.0007640000003448
Task-2_397,Task-2,9115,9162.001426,False,-7.00142600000072
Task-1_704,Task-1,9140,9166,False,-5
Task-1_705,Task-1,9153,9170.000606,True,3.999394000000393
Task-2_398,Task-2,9138,9177.001134,True,0.9988659999999072
Task-3_315,Task-3,9117,9186.001706000001,False,-3.0017060000009224
Task-1_706,Task-1,9166,9190.002396000002,False,-3.0023960000016814
Task-1_707,Task-1,9179,9194.002980000001,True,5.997019999998884
Task-2_399,Task-2,9161,9201.003489,False,-0.0034890000006271293
Task-3_316,Task-3,9146,9210.003999,True,1.9960009999995236
Task-1_708,Task-1,9192,9214.004625,False,-1.004624999999578
Task-2_400,Task-2,9184,9221.005138,True,2.994861999999557
Task-1_709,Task-1,9205,9225.00573,True,0.9942699999992328
Task-1_710,Task-1,9218,9229.006248000002,True,9.993751999998494
Task-3_317,Task-3,9175,9238.006796000001,True,2.9932039999985136
Task-2_401,Task-2,9207,9245.007350000002,True,1.9926499999983207
Task-1_711,Task-1,9231,9249.007962000001,True,2.9920379999985016
Task-1_712,Task-1,9244,9253,True,12
Task-3_318,Task-3,9204,9262,True,8
Task-2_402,Task-2,9230,9269.000563,True,0.9994370000003983
Task-1_713,Task-1,9257,9273.001263,True,4.998736999999892
Task-1_714,Task-1,9270,9277.001853,True,13.998147000000245
Task-2_403,Task-2,9253,9284.002382,True,8.99761799999942
Task-3_319,Task-3,9233,9293.003036,True,5.9969639999999345
Task-1_715,Task-1,9283,9297.004919,True,6.995080999999118
Task-2_404,Task-2,9276,9304.005648,True,11.994351999999708
Task-1_716,Task-1,9296,9308.006255,True,8.993744999999763
Task-3_320,Task-3,9262,9317.006749,True,10.993250999999873
Task-1_717,Task-1,9309,9321.007261,True,8.992738999999347
Task-2_405,Task-2,9299,9328.007782,True,10.992217999999411
Task-1_718,Task-1,9322,9332.008708000001,True,10.991291999998793
Task-3_321,Task-3,9291,9341.009366000002,True,15.990633999997954
Task-1_719,Task-1,9335,9345,True,11
Task-2_406,Task-2,9322,9352.000517,True,9.9994829999996
Task-1_720,Task-1,9348,9356.001089000001,True,12.99891099999877
Task-2_407,Task-2,9345,9363.001557000001,True,21.998442999998588
Task-1_721,Task-1,9361,9367.002105000001,True,14.997894999998607
Task-3_322,Task-3,9320,9376.002529000001,True,9.997470999998768
Task-1_722,Task-1,9374,9380.003297000001,True,14.996702999998888
Task-2_408,Task-2,9368,9387,True,21
Task-1_723,Task-1,9387,9391,True,17
Task-3_323,Task-3,9349,9400,True,15
Task-1_724,Task-1,9400,9404.000674,True,16.9993259999992
Task-2_409,Task-2,9391,9411.00733,True,19.992669999999634
Task-3_324,Task-3,9378,9420.007944,True,23.99205599999914
Task-1_725,Task-1,9413,9424.008473000002,True,9.991526999998314
Task-2_410,Task-2,9414,9431.009155000002,True,22.990844999998444
Task-1_726,Task-1,9426,9435.009778000001,True,11.990221999998539
Task-3_325,Task-3,9407,9444.010456000002,True,28.989543999998205
Task-1_727,Task-1,9439,9448.012013000001,True,11.987986999998611
Task-2_411,Task-2,9437,9455.012802000001,True,21.987197999998898
Task-1_728,Task-1,9452,9459.013530000002,True,13.986469999998008
Task-3_326,Task-3,9436,9468.014364000002,True,33.98563599999761
Task-1_729,Task-1,9465,9472.014986000002,True,13.985013999998046
Task-2_412,Task-2,9460,9479.015781000002,True,20.98421899999812
Task-1_730,Task-1,9478,9483,True,16
Task-2_413,Task-2,9483,9490.000709,True,32.999291000000085
Task-3_327,Task-3,9465,9499.001207,True,31.99879300000066
Task-1_731,Task-1,9491,9503.002144,True,8.997855999999956
Task-3_328,Task-3,9494,9512.00315,True,47.99684999999954
Task-1_732,Task-1,9504,9516.003814,True,8.996186000000307
Task-2_414,Task-2,9506,9523,True,23
Task-1_733,Task-1,9517,9527.000886,True,10.99911400000019
Task-3_329,Task-3,9523,9536.00197,True,52.998030000000654
Task-1_734,Task-1,9530,9540.002604,True,10.997396000000663
Task-2_415,Task-2,9529,9547.003396999999,True,21.996603000001414
Task-1_735,Task-1,9543,9551.004151999998,True,12.995848000002297
Task-2_416,Task-2,9552,9559.000759,True,32.99924099999953
Task-1_736,Task-1,9556,9563.001826,True,13.99817400000029
Task-3_330,Task-3,9552.000759,9572.002794,True,45.997206000000006
Task-1_737,Task-1,9569,9576.003545,True,13.996455000000424
Task-2_417,Task-2,9575,9583.004479,True,31.995521000000736
Task-1_738,Task-1,9582,9587.005233,True,15.994767000000138
Task-3_331,Task-3,9581,9596.005835,True,50.994165000000066
Task-1_739,Task-1,9595,9600.00701,True,15.992990000000646
Task-2_418,Task-2,9598,9607.008801,True,30.99119900000005
Task-1_740,Task-1,9608,9612.000979,True,16.99902099999963
Task-3_332,Task-3,9610,9621,True,55
Task-1_741,Task-1,9621,9625.000664,True,16.999336000000767
Task-2_419,Task-2,9621.000664,9632.0021,True,28.9979000000003
Task-1_742,Task-1,9634,9638.000602,True,16.99939799999993
Task-3_333,Task-3,9639,9648.000951,True,56.999049000000014
Task-1_743,Task-1,9647,9652.00218,True,15.997820000000502
Task-2_420,Task-2,9644,9659.002964,True,24.997036000000662
Task-1_744,Task-1,9660,9664.000675,True,16.99932500000068
Task-2_421,Task-2,9667,9674.000676,True,32.99932400000034
Task-1_745,Task-1,9673,9678.00115,True,15.998849999999948
Task-3_334,Task-3,9668,9687.001661,True,46.99833899999976
Task-1_746,Task-1,9686,9691.002464000001,True,15.997535999998945
Task-2_422,Task-2,9690,9698.003121000002,True,31.996878999998444
Task-3_335,Task-3,9697,9707.003798000002,True,55.99620199999845
Task-1_747,Task-1,9699,9711.004364000002,True,8.99563599999783
Task-1_748,Task-1,9712,9716.000521,True,16.999479000000065
Task-2_423,Task-2,9713,9723.001038,True,29.998961999999665
Task-1_749,Task-1,9725,9729.001554,True,16.998445999999603
Task-3_336,Task-3,9726,9738,True,54
Task-1_750,Task-1,9738,9742.000808,True,16.99919199999931
Task-2_424,Task-2,9736,9749.00119,True,26.99880999999914
Task-1_751,Task-1,9751,9755,True,17
Task-3_337,Task-3,9755,9764,True,57
Task-1_752,Task-1,9764,9768.000642,True,16.99935799999912
Task-2_425,Task-2,9759,9775.001548,True,23.998451999999816
Task-1_753,Task-1,9777,9781.000551,True,16.999449000000823
Task-2_426,Task-2,9782,9789.000535,True,32.99946500000078
Task-3_338,Task-3,9784,9798.004159999999,True,51.99584000000141
Task-1_754,Task-1,9790,9802.004948999998,True,8.995051000001695
Task-1_755,Task-1,9803,9807.001084,True,16.998916000000463
Task-2_427,Task-2,9805,9814.002929,True,30.997070999999778
Task-3_339,Task-3,9813,9823.003398,True,55.99660199999926
Task-1_756,Task-1,9816,9827.004199,True,9.995800999999119
Task-2_428,Task-2,9828,9835.000629,True,32.99937099999988
Task-1_757,Task-1,9829,9839.002123,True,10.99787699999979
Task-1_758,Task-1,9842,9846.000924,True,16.99907600000006
Task-3_340,Task-3,9842.000924,9855,True,53
Task-1_759,Task-1,9855,9859.00127,True,16.99872999999934
Task-2_429,Task-2,9851,9866.001712000001,True,24.998287999998865
Task-1_760,Task-1,9868,9872.000395,True,16.999605000000884
Task-3_341,Task-3,9871,9881,True,56
Task-1_761,Task-1,9881,9885.000625,True,16.999374999999418
Task-2_430,Task-2,9874,9892.00105,True,21.99894999999924
Task-1_762,Task-1,9894,9898.000377,True,16.9996229999997
Task-2_431,Task-2,9897,9905.000772,True,31.999228000000585
Task-3_342,Task-3,9900,9914.001188,True,51.998811999999816
Task-1_763,Task-1,9907,9918.001716,True,9.99828399999933
Task-1_764,Task-1,9920,9924.000439,True,16.99956100000054
Task-2_432,Task-2,9920.000439,9931.001142,True,28.998858000000837
Task-3_343,Task-3,9929,9940.002095,True,54.99790500000017
Task-1_765,Task-1,9933,9944.002446999999,True,9.997553000001062
Task-2_433,Task-2,9943,9951.002927999998,True,31.997072000001936
Task-1_766,Task-1,9946,9955.003302999998,True,11.996697000002314
Task-3_344,Task-3,9958,9967.000584,True,56.999416000000565
Task-1_767,Task-1,9959,9971.001317999999,True,8.998682000001281
Task-2_434,Task-2,9966,9978.00168,True,27.998320000000604
Task-1_768,Task-1,9972,9982.002059999999,True,10.997940000001108
Task-1_769,Task-1,9985,9989,True,17
Task-2_435,Task-2,9989,9996.000462,True,32.99953800000003
